Product_Name,Overall_Rating,Total_Ratings,Product_URL
"🔥 TWS Wireless Earbuds with LED Display – ENC Noise Cancellation, HiFi Stereo, Bluetooth 5.3 Ear Buds |  woth Mic",4.7,Ratings 53,https://www.daraz.pk/products/tws-wireless-earbuds-with-led-display-enc-noise-cancellation-hifi-stereo-bluetooth-53-ear-buds-woth-mic-i1965132501.html
"Lanteso True Wireless Earbuds, Bluetooth Earbuds with Mics Clear Call Touch Control Bluetooth Headphones with Bass Sound in Ear Earphones for Music,Home Office",4.4,Ratings 179,https://www.daraz.pk/products/-i1954493616.html
"Smart TWS Airbuds – Bluetooth 5.0 Wireless Earphones with AI Voice Translator, Touch Control, Charging Box",4.6,Ratings 85,https://www.daraz.pk/products/smart-tws-airbuds-bluetooth-50-wireless-earphones-with-ai-voice-translator-touch-control-charging-box-i1965246033.html
"Air-podTWS 12 black Mini Bluetooth Wireless Headset_(True Wireless Stereo) Bluetooth Earbuds Bluetooth Handsfree  Dual Sound Bass, Charging Case and Extra Ear-Buds, Pop-Up Feature Compatible with All Devices",4.6,Ratings 570,https://www.daraz.pk/products/12-i894764349.html
Original M10 & M90 TWS  EIR PODS Wireless Earphones Touch Control 5.1 with power bank charger Headset Waterproof 9D Hifi Quality Earbuds 2000mAh Stereo Sports Headphones With Microphone,4.1,Ratings 132,https://www.daraz.pk/products/m10-m90-tws-eir-pods-51-9d-hifi-2000mah-i433557338.html
Wireless Earbuds Headphones Bluetooth Earpods Sports Stereo Airbuds Noise Canceling Headphone Microphone Speaker with LED light headphones,4.5,Ratings 118,https://www.daraz.pk/products/led-i1964559878.html
"M04 Stereo Earbuds TWS Wireless Earbuds with LED Display – ENC Noise Cancellation, HiFi Stereo, Bluetooth 5.3 – Available in Black & White",4.5,Ratings 274,https://www.daraz.pk/products/m04-stereo-earbuds-tws-wireless-earbuds-with-led-display-enc-noise-cancellation-hifi-stereo-bluetooth-53-available-in-black-white-i948285745.html
New M10 Earbuds TWS Bluetooth Headphones 3500mAh Charging Box Wireless Earphones With Microphone 9D Air buds Stereo Sports Waterproof Ear buds Headset,N/A,Ratings 15,https://www.daraz.pk/products/m10-tws-3500mah-9d-i1964237526.html
Universal Blutooth Handfree Wireless Bluetooth Headset Good Quality Bluetooth Handsfree Earphone,4.6,Ratings 55,https://www.daraz.pk/products/-i1947434490.html
Air 31 Ear pod dual 5.2 Earbuds handfree bluetooth Wireless Earbuds Headphones I 7 Mini Bluetooth Headset Earbud single Wireless Earphone With Mic Stereo For all phones,4.4,Ratings 6224,https://www.daraz.pk/products/31-52-7-i280841902.html
Wireless Earbuds Headphones Bluetooth Earpods Sports Stereo Airbuds Noise Canceling Headphone Microphone Speaker with LED light headphones,4.6,Ratings 304,https://www.daraz.pk/products/-i1964603364.html
"Air buds/ Bluetooth Earphones Headphones Outdoor Sports Earbuds Air-Pod Pro 2nd Generation - Wireless Earbuds, Air Pro ANC cancelltaion",4.6,Ratings 85,https://www.daraz.pk/products/2nd-i1948689808.html
"Wireless Earbuds, Bluetooth Earbuds, TWS, Noise Cancelling, Touch Control, HD Sound, Gaming, Type-C Charging, All Smart Phones Compatible.",4.5,Ratings 83,https://www.daraz.pk/products/-i1964042544.html
"895B M04 Wireless Earhook Bluetooth 5.4 Earbuds – M04 Earbuds with HD Sound, Noise Cancelling Mic, Type-C Fast Charging, Long Battery Life, Waterproof Sports & Gaming Headset, Hi-Fi Stereo Bass,Touch Control,Sweatproof Wireless Earphones for Android & iOS",4.7,Ratings 32,https://www.daraz.pk/products/895b-m04-5-m04-hd-c-hi-fi-i912218662.html
"Airbuds, Earbuds, Wireless Earbuds, Bluetooth Earbuds, TWS Earbuds, Airbuds Bluetooth Earphones, Wireless Earphones, Touch Control, HD Sound, Deep Bass, ENC Noise Cancellation, Gaming Earbuds, LED Display, Long Battery",4.7,Ratings 86,https://www.daraz.pk/products/tws-hd-enc-led-i1965695592.html
M10 Wireless Bluetooth Earbuds - TWS Earphones with Charging Case,4.2,Ratings 878,https://www.daraz.pk/products/m10-wireless-bluetooth-earbuds-tws-earphones-with-charging-case-i269532475.html
"Orignal M19 & M10 & Air31TWS Air pod with Super Sound & High Quality Touch Sensors True Stereo Headphones with Built in Mic 10m Transmission Bluetooth Wireless Earbuds , Charging Case Sport Headset for all Bluetooth Smart devices.",4.3,Ratings 16,https://www.daraz.pk/products/orignal-m19-m10-air31tws-air-pod-with-super-sound-high-quality-touch-sensors-true-stereo-headphones-with-built-in-mic-10m-transmission-bluetooth-wireless-earbuds-charging-case-sport-headset-for-all-bluetooth-smart-devices-i1963710158.html
"M10 Air Buds - Premium Wireless Earbuds, Air Pro, Air Buds, Earpods with Stereo Sound, IPX5 Waterproof, and Ergonomic Design",4.3,Ratings 29,https://www.daraz.pk/products/m10-ipx5-i1950447661.html
Stereo M04  Air pod Wireless Bluetooth Earphones - Stereo Sound with English Voice Prompt and Low Power Consumption,3.5,Ratings 3577,https://www.daraz.pk/products/04-i268756696.html
New M10 M04 Stereo Wireless Bluetooth Headset air pod handfree earbuds airdots Hanging Ear Unisex Driving Can Answer The Phone Long Standby 1 Minute Fast Charge Single Headsr,4.2,Ratings 1452,https://www.daraz.pk/products/m10-m04-1-i269134053.html
"Air 31 True Wireless Earbuds with ENC, Bluetooth V5.3, LED Display, Low Latency, and Mic Transparent Design, 10mm Driver, 1-2 Hour Charging",4.4,Ratings 457,https://www.daraz.pk/products/air-31-true-wireless-earbuds-with-enc-bluetooth-v53-led-display-low-latency-and-mic-transparent-design-10mm-driver-1-2-hour-charging-i479505051.html
"Airbuds, Earbuds, Wireless Earbuds, Bluetooth Earbuds, TWS Earbuds, Airbuds Bluetooth Earphones, Wireless Earphones, Touch Control, HD Sound, Deep Bass, ENC Noise Cancellation, Gaming Earbuds, LED Display, Long Battery",4.8,Ratings 24,https://www.daraz.pk/products/tws-hd-enc-led-i1965689421.html
TWS U39 Wireless Bluetooth Earbuds Headset Earphones_Hifi 9D Stereo Sound with Heavy Deep Bass_Long Battery Upto 6 hours Play Time with Type-C Fast Charging_ENC voice cancellation premium quality In-Ear wireless Bluetooth earbuds,5.0,Ratings 107,https://www.daraz.pk/products/tws-u39-_-9d-_-6-_enc-i1967356272.html
Orignal Newest M19 Air Buds Wireless Earbuds TWS Earphone bluetooth Intelligente Touch Control Wireless Bluetooth-compatible Headphone Waterproof Airdots LED Display With Mic,4.0,Ratings 29,https://www.daraz.pk/products/-i217985291.html
Remax S2 HD Mini Wireless Bluetooth Earbuds In-Ear Stereo Headphones with Noise Cancellation,4.2,Ratings 17,https://www.daraz.pk/products/mini-wireless-bluetooth-earbuds-in-ear-stereo-headphones-with-noise-cancellation-i933017532.html
M10 TWS Wireless Earbuds Bluetooth 5.1 Touch Control Waterproof LED Display Charging Box 9D HiFi Sound for Gaming and Gym,4.3,Ratings 2648,https://www.daraz.pk/products/m10-tws-wireless-earbuds-bluetooth-51-touch-control-waterproof-led-display-charging-box-9d-hifi-sound-for-gaming-and-gym-i410246093.html
M04 TWS Wireless Bluetooth Earbuds,4.1,Ratings 15,https://www.daraz.pk/products/m04-tws-i1950510316.html
Air31 TWS dual Earbuds handfree Bluetooth Wireless Earbuds Transparent crystal frame Bluetooth headset Digital Display powerbank for earbuds charging,4.6,Ratings 1989,https://www.daraz.pk/products/air31-tws-i435277150.html
TWS Wireless airbuds Bluetooth 5.3 Touch Control Earphones | Noise Cancelling Heavy Bass Stereo Sound Earbuds with Digital Charging Case | Sports Wireless Earbuds Universal Compatible for All Smartphones,4.5,Ratings 140,https://www.daraz.pk/products/tws-53-i943505977.html
M25 Damix TWS Gaming Headphones True Wireless Earbuds Earphones Earphones Touch Control,4.4,Ratings 1741,https://www.daraz.pk/products/m25-damix-tws-gaming-headphones-true-wireless-earbuds-earphones-earphones-touch-control-i430806574.html
Air buds Transparent Air39 Bluetooth Round Drawer TWS Fully WATER prof Earphones Wireless Earbuds ENC Noise Reduction Headsets LED Display Sport Headphones Round Drawer Type Charging Case Best Wireless Airbuds Environmental Touch Control Earbu,4.6,Ratings 58,https://www.daraz.pk/products/39-i948098412.html
"Air proo & Air 31 TWS  Airpoods with Super Sound & High Quality Touch Sensors True Stereo Headphones with Built in Mic 10m Transmission Bluetooth Wireless Earbuds , power Case Sport Headset for all Bluetooth Smart devices.",4.9,Ratings 23,https://www.daraz.pk/products/31-10-i1964786166.html
Original M19 and M10 TWS Wireless Earphones Touch Control 5.1 with power bank charger Headset Waterproof 9D Hifi Quality Earbuds 2000mAh Stereo Sports Headphones With Microphone,4.8,Ratings 23,https://www.daraz.pk/products/m19-m10-tws-51-9d-hifi-2000mah-i1957526573.html
"Trance Airbud 850 Hexa Mic with ANC & ENC Wireless Earbuds, Gaming mode Low Latency TWS Earbud With Upto 5 Hours Playtime, IPX5 Water Proof Wireless Earphones With Voice Assistance Bluetooth Ear buds And Headphones",4.4,Ratings 19,https://www.daraz.pk/products/850-5-5-i1957103110.html
"TWS Air_pods_ with Super Sound & High Quality Touch Sensors True Stereo Headphones with Built in Mic 10m Transmission Bluetooth Wireless Earbuds , Chargng Case Sport Headset for all Bluetooth Smart devices",4.8,Ratings 10,https://www.daraz.pk/products/tws-air_pods_-10m-i943596805.html
"Stereo GamingPro (2026) AI True Wireless Bluetooth Earbuds, Black | Hi-Res Audio, 2-Way Speaker, ANC 2.0, Optimized Comfort, IP57, Live Translation Airpo d",4.7,Ratings 14,https://www.daraz.pk/products/2026-ai-true-wireless-bluetooth-earbuds-20-57-i1967727174.html
Air31 Earbuds Wireless Crystal Transparent Bluetooth 5.3 Air 31 Ear buds Wireless Headset Transparent Charging Case Heavy Bass Stereo Earphones Noise Reduction Sports Headset with Microphone Waterproof Headphone LED Digital Display airpods_ by Sellify 365,4.4,Ratings 1213,https://www.daraz.pk/products/31-53-31-led-365-i331918523.html
"Air pod M04 Wireless  Bluetooth 5.4 Earbuds – M04 Earbuds with HD Sound, Noise Cancelling Mic, Type-C Fast Charging, Long Battery Life, Waterproof Sports & Gaming Headset, Hi-Fi Stereo Bass,Touch Control,Sweatproof Wireless Earphones",4.6,Ratings 223,https://www.daraz.pk/products/04-54-04-i887274708.html
EARBUDS Air buds Air 31 Wireless Bluetooth-Compatible Headset Wireless Earphone Invisible Sports Fitness Earbuds In-ear Headphone Hot Sale Ear buds,4.6,Ratings 1270,https://www.daraz.pk/products/earbuds-air-buds-air-31-wireless-bluetooth-compatible-headset-wireless-earphone-invisible-sports-fitness-earbuds-in-ear-headphone-hot-sale-ear-buds-i427914413.html
Wireless Bluetooth5.2 Headphones Long Standby Business Headset / Wireless Headphones Bluetooth 5.2 Neckband Earphones Magnetic Sports Waterproof TWS Earbuds Blutooth Headset With Microphone Mic,4.3,Ratings 14,https://www.daraz.pk/products/52-52-tws-i1947647353.html
