Product_Name,Price,Brand,SKU,Category,Seller,Product_URL
Apple iPhone 17 Pro Max - 512GB,"Rs. 612,799",Apple,1957775263,['Mobiles & Tablets'],,https://www.daraz.pk/products/apple-iphone-17-pro-max-512gb-i1957775263.html
Apple iPhone 17 Pro Max - 256GB,"Rs. 535,600",Apple,1958136639,['Mobiles & Tablets'],,https://www.daraz.pk/products/apple-iphone-17-pro-max-256gb-i1958136639.html
Redmi 15C 4GB +128GB - PTA APPROVED,"Rs. 46,999",Xiaomi Official,923138689,['Mobiles & Tablets'],,https://www.daraz.pk/products/redmi-15c-4gb-128gb-pta-approved-i923138689.html
Infinix Smart 20 4GB / 64GB,"Rs. 41,999",Infinix,1958170417,['Mobiles & Tablets'],,https://www.daraz.pk/products/infinix-smart-20-4gb-64gb-i1958170417.html
Realme C100i 4GB / 64GB,"Rs. 40,999",Realme Official,1958905393,[],,https://www.daraz.pk/products/realme-c100i-4gb64gb-i1958905393.html
Vivo Y17 PTA Approved Original Mobile Phone | 8GB RAM 256GB ROM | 5000mAh Battery | Dual SIM | Fingerprint | Android Smartphone | Global Variant | Like New | Box Charger Handsfree Included | Installment Available | Best Budget Phone in Pakistan,"Rs. 19,799",No Brand,1958256534,['Mobiles & Tablets'],,https://www.daraz.pk/products/vivo-y17-pta-approved-original-mobile-phone-8gb-ram-256gb-rom-5000mah-battery-dual-sim-fingerprint-android-smartphone-global-variant-like-new-box-charger-handsfree-included-installment-available-best-budget-phone-in-pakistan-i1958256534.html
"Vivo Y17 - 6.35 Inches IPS LCD Display - 8GB RAM - 256GB Storage - Official PTA Approved - Fingerprint Sensor - Helio P35 Processor - (Phone and Box Charger, No Accessories Included - Mix Color)","Rs. 24,999",No Brand,491864707,['Mobiles & Tablets'],,https://www.daraz.pk/products/vivo-y17-635-ips-lcd-8gb-ram-256gb-pta-helio-p35-i491864707.html
Apple iPhone 16 - 128GB,"Rs. 345,000",Apple,1958148618,['Mobiles & Tablets'],,https://www.daraz.pk/products/apple-iphone-16-128gb-i1958148618.html
Apple iPhone 17 Pro - 512GB,"Rs. 574,100",Apple,1957827008,['Mobiles & Tablets'],,https://www.daraz.pk/products/apple-iphone-17-pro-512gb-i1957827008.html
Realme GT 7T 12GB RAM 512GB ROM - PTA APPROVED,"Rs. 169,999",Realme Official,895953652,['Mobiles & Tablets'],,https://www.daraz.pk/products/realme-gt-7t-12gb-ram-512gb-rom-pta-approved-i895953652.html
Original Vivo Y85 Smartphone | 4GB 64GB | 6.22-inch Notch Screen | PTA Approved | Snapdragon High Performance | FREE Charger Included | Best Discounted Rate | Installment Plan,"Rs. 23,093",No Brand,1950844162,['Mobiles & Tablets'],,https://www.daraz.pk/products/y85-4-64-622-i1950844162.html
Apple iPhone 17 Pro - 256GB,"Rs. 491,900",Apple,1957827007,['Mobiles & Tablets'],,https://www.daraz.pk/products/apple-iphone-17-pro-256gb-i1957827007.html
vivo Y05 4GB + 64GB PTA Approved,"Rs. 44,999",Vivo .,1959949908,['Mobiles & Tablets'],,https://www.daraz.pk/products/vivo-y05-4gb-64gb-pta-approved-i1959949908.html
"Vivo Y66 | Dual Sim | PTA Approve | 4GB Ram 64GB Storage | Long Lasting 3000 MAH Battery | Memory Card Suppirt | Vivo Box , Charger Sim Injector Tool & Phone | Vivo Mobile | Mobile Phone On Easy Installment | Whatsapp , Youtube Facebook & Tiktok Working","Rs. 22,000",No Brand,1950750341,['Mobiles & Tablets'],,https://www.daraz.pk/products/66-4-64-3000-i1950750341.html
Tecno Spark GO 3 4/64,"Rs. 41,999",TECNO,1948224278,['Mobiles & Tablets'],,https://www.daraz.pk/products/tecno-spark-go-3-464-i1948224278.html
Tecno Spark 50 6GB / 128GB,"Rs. 64,999",TECNO,1953617482,['Mobiles & Tablets'],,https://www.daraz.pk/products/tecno-spark-50-6gb-128gb-i1953617482.html
Infinix Hot 70 6GB/128GB,"Rs. 68,999",Infinix,1967343206,['Mobiles & Tablets'],,https://www.daraz.pk/products/infinix-hot-70-6gb128gb-i1967343206.html
Oppo A6c 4GB/64GB,"Rs. 44,999",OPPO Pakistan Official,1951925163,['Mobiles & Tablets'],,https://www.daraz.pk/products/oppo-a6c-4gb64gb-i1951925163.html
Samsung Galaxy A07 4GB+64GB - PTA APPROVED,"Rs. 45,999",SAMSUNG,924758885,['Mobiles & Tablets'],,https://www.daraz.pk/products/samsung-galaxy-a07-4gb64gb-pta-approved-i924758885.html
Vivo Y19s - 6.74 Inches IPS LCD Display - 8+1GB RAM - 256GB Storage - Official PTA Approved - Fingerprint Sensor - (Phone and Universal Box. No Charger and No Accessories Included - Mix Color),"Rs. 59,999",No Brand,1954179871,['Mobiles & Tablets'],,https://www.daraz.pk/products/vivo-y19s-674-ips-lcd-81gb-256gb-i1954179871.html
Samsung Galaxy A07 6GB+128GB PTA APPROVED,"Rs. 68,500",SAMSUNG,924786211,['Mobiles & Tablets'],,https://www.daraz.pk/products/samsung-galaxy-a07-6gb128gb-pta-approved-i924786211.html
Vivo Y19s - 6.74 Inches  LCD Display - 8+1GB RAM - 256GB Storage (128GB Usable + 128GB System Reserved) - Official PTA Approved - Fingerprint Sensor - (Phone and Universal Box. No Charger and No Accessories Included - Mix Color),"Rs. 40,999",No Brand,1957742597,['Mobiles & Tablets'],,https://www.daraz.pk/products/y19s-lcd-8-1gb-1gb-674-gb-256gb-pta-i1957742597.html
Xiaomi Redmi A7 Pro 4/128,"Rs. 47,999",Xiaomi Official,1960431308,[],,https://www.daraz.pk/products/xiaomi-redmi-a7-pro-4128-i1960431308.html
Samsung Galaxy A07 4GB+128GB - PTA APPROVED,"Rs. 56,999",SAMSUNG,924759919,['Mobiles & Tablets'],,https://www.daraz.pk/products/samsung-galaxy-a07-4gb128gb-pta-approved-i924759919.html
Realme Note 60X 4GB/64GB,"Rs. 38,999",Realme Official,1949021729,['Mobiles & Tablets'],,https://www.daraz.pk/products/realme-note-60x-4gb64gb-i1949021729.html
Xiaomi POCO C85,"Rs. 57,999",Xiaomi Official,1949186689,['Mobiles & Tablets'],,https://www.daraz.pk/products/xiaomi-poco-c85-i1949186689.html
Infinix Smart 20 4GB / 128GB,"Rs. 49,999",Infinix,1957791130,[],,https://www.daraz.pk/products/infinix-smart-20-4gb-128gb-i1957791130.html
"Vivo Y71 | 6GB Ram | 128GB STORAGE | Dual Sim + Memory Card | 3430 MAH Long Lasting Battery | Normal Games Support Like Subway Surfar, Candy Crush, Roblox & many More | PTA Approve | With Free Gift Box, Charger Sim Injector Tool | Vivo Y71 On Installment","Rs. 15,763",No Brand,1951405254,['Mobiles & Tablets'],,https://www.daraz.pk/products/71-6-128-3430-i1951405254.html
Redmi A5 4 GB RAM ROM 64 Non Scanned - Non Active - PTA APPROVED,"Rs. 33,999",Xiaomi Official,801532292,['Mobiles & Tablets'],,https://www.daraz.pk/products/redmi-a5-4-gb-ram-rom-64-non-scanned-non-active-pta-approved-i801532292.html
Samsung Galaxy A17 8GB + 256 GB,"Rs. 94,999",SAMSUNG,924762805,['Mobiles & Tablets'],,https://www.daraz.pk/products/samsung-galaxy-a17-8gb-256-gb-i924762805.html
Tecno SPARK 40 Pro Plus 8GB+256GB PTA APPROVED,"Rs. 84,999",TECNO,916111041,['Mobiles & Tablets'],,https://www.daraz.pk/products/tecno-spark-40-pro-plus-8gb256gb-pta-approved-i916111041.html
OPPO A6s Pro 8GB+256GB,"Rs. 119,999",OPPO Pakistan Official,1950683284,['Mobiles & Tablets'],,https://www.daraz.pk/products/oppo-a6s-pro-8gb256gb-i1950683284.html
vivo V70 FE 8GB+256GB PTA Approved,"Rs. 134,999",Vivo .,1960626694,['Mobiles & Tablets'],,https://www.daraz.pk/products/vivo-v70-fe-8gb256gb-pta-approved-i1960626694.html
Oppo Reno 15 5G 256GB,"Rs. 179,999",OPPO Pakistan Official,1950696746,['Mobiles & Tablets'],,https://www.daraz.pk/products/oppo-reno-15-5g-256gb-i1950696746.html
Xiaomi Redmi A7 Pro 4/64,"Rs. 38,999",Xiaomi Official,1960465006,[],,https://www.daraz.pk/products/xiaomi-redmi-a7-pro-464-i1960465006.html
Tecno Camon 50 PRO 8GB/256GB,"Rs. 109,999",TECNO,1949447782,['Mobiles & Tablets'],,https://www.daraz.pk/products/tecno-camon-50-pro-8gb256gb-i1949447782.html
Samsung Galaxy S26 Ultra - 256 GB,"Rs. 449,999",SAMSUNG,1947937840,['Mobiles & Tablets'],,https://www.daraz.pk/products/samsung-galaxy-ultra-256-gb-i1947937840.html
Realme GT7 Dream Edition 16GB RAM 512GB ROM PTA APPROVED,"Rs. 219,999",Realme Official,895973213,['Mobiles & Tablets'],,https://www.daraz.pk/products/realme-gt7-dream-edition-16gb-ram-512gb-rom-pta-approved-i895973213.html
Tecno Camon 50 8GB + 256GB,"Rs. 99,999",TECNO,1951494214,['Mobiles & Tablets'],,https://www.daraz.pk/products/tecno-camon-50-8gb-256gb-i1951494214.html
Oppo A6K 6GB + 128GB,"Rs. 69,999",OPPO Pakistan Official,1950579989,['Mobiles & Tablets'],,https://www.daraz.pk/products/oppo-a6k-6gb-128gb-i1950579989.html
