Product_Name,Review_Text,Overall_Rating,Total_Ratings,Product_URL
Apple iPhone 17 Pro Max - 512GB,5.0/52 Ratings20000,5.0,Ratings 2,https://www.daraz.pk/products/apple-iphone-17-pro-max-512gb-i1957775263.html
Apple iPhone 17 Pro Max - 512GB,Super Quality with a gift of charger,5.0,Ratings 2,https://www.daraz.pk/products/apple-iphone-17-pro-max-512gb-i1957775263.html
Apple iPhone 17 Pro Max - 512GB,Super Quality with a gift of charger0,5.0,Ratings 2,https://www.daraz.pk/products/apple-iphone-17-pro-max-512gb-i1957775263.html
Apple iPhone 17 Pro Max - 256GB,4.9/515 Ratings132000,4.9,Ratings 15,https://www.daraz.pk/products/apple-iphone-17-pro-max-256gb-i1958136639.html
Apple iPhone 17 Pro Max - 256GB,Great service. All original with seal. Also sent a free official apple 25W charger,4.9,Ratings 15,https://www.daraz.pk/products/apple-iphone-17-pro-max-256gb-i1958136639.html
Apple iPhone 17 Pro Max - 256GB,Content:good Subcategory:good Depth:good mashalla achi delivery thi inki,4.9,Ratings 15,https://www.daraz.pk/products/apple-iphone-17-pro-max-256gb-i1958136639.html
Apple iPhone 17 Pro Max - 256GB,Parcel Packing 10/10 product Geniun 10/10 delivery Time. 8/10,4.9,Ratings 15,https://www.daraz.pk/products/apple-iphone-17-pro-max-256gb-i1958136639.html
Apple iPhone 17 Pro Max - 256GB,Great service. All original with seal. Also sent a free official apple 25W charger0,4.9,Ratings 15,https://www.daraz.pk/products/apple-iphone-17-pro-max-256gb-i1958136639.html
Apple iPhone 17 Pro Max - 256GB,Content:good Subcategory:good Depth:good mashalla achi delivery thi inki0,4.9,Ratings 15,https://www.daraz.pk/products/apple-iphone-17-pro-max-256gb-i1958136639.html
Apple iPhone 17 Pro Max - 256GB,Parcel Packing 10/10 product Geniun 10/10 delivery Time. 8/100,4.9,Ratings 15,https://www.daraz.pk/products/apple-iphone-17-pro-max-256gb-i1958136639.html
Redmi 15C 4GB +128GB - PTA APPROVED,4.7/538 Ratings331111,4.7,Ratings 38,https://www.daraz.pk/products/redmi-15c-4gb-128gb-pta-approved-i923138689.html
Redmi 15C 4GB +128GB - PTA APPROVED,"""Great product. Thank you!""",4.7,Ratings 38,https://www.daraz.pk/products/redmi-15c-4gb-128gb-pta-approved-i923138689.html
Redmi 15C 4GB +128GB - PTA APPROVED,original product nice packing LCS py na bejha kry bhai ya address py ni puhchaty 10 km door bethy kahty ha lena ha to a jao ni to wapis bhejh dy gy very bad service LCS,4.7,Ratings 38,https://www.daraz.pk/products/redmi-15c-4gb-128gb-pta-approved-i923138689.html
Redmi 15C 4GB +128GB - PTA APPROVED,"fast delivery and excellent original mobile, thanks to the seller and daraz.pk",4.7,Ratings 38,https://www.daraz.pk/products/redmi-15c-4gb-128gb-pta-approved-i923138689.html
Redmi 15C 4GB +128GB - PTA APPROVED,"""Great product. Thank you!""0",4.7,Ratings 38,https://www.daraz.pk/products/redmi-15c-4gb-128gb-pta-approved-i923138689.html
Redmi 15C 4GB +128GB - PTA APPROVED,original product nice packing LCS py na bejha kry bhai ya address py ni puhchaty 10 km door bethy kahty ha lena ha to a jao ni to wapis bhejh dy gy very bad service LCS0,4.7,Ratings 38,https://www.daraz.pk/products/redmi-15c-4gb-128gb-pta-approved-i923138689.html
Redmi 15C 4GB +128GB - PTA APPROVED,"fast delivery and excellent original mobile, thanks to the seller and daraz.pk0",4.7,Ratings 38,https://www.daraz.pk/products/redmi-15c-4gb-128gb-pta-approved-i923138689.html
Infinix Smart 20 4GB / 64GB,4.9/584 Ratings810201,4.9,Ratings 84,https://www.daraz.pk/products/infinix-smart-20-4gb-64gb-i1958170417.html
Infinix Smart 20 4GB / 64GB,infinex smart 20 best 📱📲📲 mobile best battery time best camera 📸📸📸🤳🤳🤳🤳 thank you 👍😊😊😊😊,4.9,Ratings 84,https://www.daraz.pk/products/infinix-smart-20-4gb-64gb-i1958170417.html
Infinix Smart 20 4GB / 64GB,"Original product, good packaging, fast delivery, and excellent quality. I am completely satisfied with this purchase. Will definitely buy again.",4.9,Ratings 84,https://www.daraz.pk/products/infinix-smart-20-4gb-64gb-i1958170417.html
Infinix Smart 20 4GB / 64GB,infinex smart 20 best 📱📲📲 mobile best battery time best camera 📸📸📸🤳🤳🤳🤳 thank you 👍😊😊😊😊0,4.9,Ratings 84,https://www.daraz.pk/products/infinix-smart-20-4gb-64gb-i1958170417.html
Infinix Smart 20 4GB / 64GB,"Original product, good packaging, fast delivery, and excellent quality. I am completely satisfied with this purchase. Will definitely buy again.0",4.9,Ratings 84,https://www.daraz.pk/products/infinix-smart-20-4gb-64gb-i1958170417.html
Realme C100i 4GB / 64GB,5.0/55 Ratings50000,5.0,Ratings 5,https://www.daraz.pk/products/realme-c100i-4gb64gb-i1958905393.html
Realme C100i 4GB / 64GB,good,5.0,Ratings 5,https://www.daraz.pk/products/realme-c100i-4gb64gb-i1958905393.html
Realme C100i 4GB / 64GB,good0,5.0,Ratings 5,https://www.daraz.pk/products/realme-c100i-4gb64gb-i1958905393.html
Vivo Y17 PTA Approved Original Mobile Phone | 8GB RAM 256GB ROM | 5000mAh Battery | Dual SIM | Fingerprint | Android Smartphone | Global Variant | Like New | Box Charger Handsfree Included | Installment Available | Best Budget Phone in Pakistan,4.0/58 Ratings60001,4.0,Ratings 8,https://www.daraz.pk/products/vivo-y17-pta-approved-original-mobile-phone-8gb-ram-256gb-rom-5000mah-battery-dual-sim-fingerprint-android-smartphone-global-variant-like-new-box-charger-handsfree-included-installment-available-best-budget-phone-in-pakistan-i1958256534.html
Vivo Y17 PTA Approved Original Mobile Phone | 8GB RAM 256GB ROM | 5000mAh Battery | Dual SIM | Fingerprint | Android Smartphone | Global Variant | Like New | Box Charger Handsfree Included | Installment Available | Best Budget Phone in Pakistan,"Very Good product , It's a old version but still in Good working",4.0,Ratings 8,https://www.daraz.pk/products/vivo-y17-pta-approved-original-mobile-phone-8gb-ram-256gb-rom-5000mah-battery-dual-sim-fingerprint-android-smartphone-global-variant-like-new-box-charger-handsfree-included-installment-available-best-budget-phone-in-pakistan-i1958256534.html
Vivo Y17 PTA Approved Original Mobile Phone | 8GB RAM 256GB ROM | 5000mAh Battery | Dual SIM | Fingerprint | Android Smartphone | Global Variant | Like New | Box Charger Handsfree Included | Installment Available | Best Budget Phone in Pakistan,hand free nahi nikli aur check karna baqi hai. Handsfree nahi nikli. handsfree nahi nikli.,4.0,Ratings 8,https://www.daraz.pk/products/vivo-y17-pta-approved-original-mobile-phone-8gb-ram-256gb-rom-5000mah-battery-dual-sim-fingerprint-android-smartphone-global-variant-like-new-box-charger-handsfree-included-installment-available-best-budget-phone-in-pakistan-i1958256534.html
Vivo Y17 PTA Approved Original Mobile Phone | 8GB RAM 256GB ROM | 5000mAh Battery | Dual SIM | Fingerprint | Android Smartphone | Global Variant | Like New | Box Charger Handsfree Included | Installment Available | Best Budget Phone in Pakistan,guilty is good charging is out class but not received hands free,4.0,Ratings 8,https://www.daraz.pk/products/vivo-y17-pta-approved-original-mobile-phone-8gb-ram-256gb-rom-5000mah-battery-dual-sim-fingerprint-android-smartphone-global-variant-like-new-box-charger-handsfree-included-installment-available-best-budget-phone-in-pakistan-i1958256534.html
Vivo Y17 PTA Approved Original Mobile Phone | 8GB RAM 256GB ROM | 5000mAh Battery | Dual SIM | Fingerprint | Android Smartphone | Global Variant | Like New | Box Charger Handsfree Included | Installment Available | Best Budget Phone in Pakistan,"Very Good product , It's a old version but still in Good working0",4.0,Ratings 8,https://www.daraz.pk/products/vivo-y17-pta-approved-original-mobile-phone-8gb-ram-256gb-rom-5000mah-battery-dual-sim-fingerprint-android-smartphone-global-variant-like-new-box-charger-handsfree-included-installment-available-best-budget-phone-in-pakistan-i1958256534.html
Vivo Y17 PTA Approved Original Mobile Phone | 8GB RAM 256GB ROM | 5000mAh Battery | Dual SIM | Fingerprint | Android Smartphone | Global Variant | Like New | Box Charger Handsfree Included | Installment Available | Best Budget Phone in Pakistan,hand free nahi nikli aur check karna baqi hai. Handsfree nahi nikli. handsfree nahi nikli.0,4.0,Ratings 8,https://www.daraz.pk/products/vivo-y17-pta-approved-original-mobile-phone-8gb-ram-256gb-rom-5000mah-battery-dual-sim-fingerprint-android-smartphone-global-variant-like-new-box-charger-handsfree-included-installment-available-best-budget-phone-in-pakistan-i1958256534.html
Vivo Y17 PTA Approved Original Mobile Phone | 8GB RAM 256GB ROM | 5000mAh Battery | Dual SIM | Fingerprint | Android Smartphone | Global Variant | Like New | Box Charger Handsfree Included | Installment Available | Best Budget Phone in Pakistan,guilty is good charging is out class but not received hands free0,4.0,Ratings 8,https://www.daraz.pk/products/vivo-y17-pta-approved-original-mobile-phone-8gb-ram-256gb-rom-5000mah-battery-dual-sim-fingerprint-android-smartphone-global-variant-like-new-box-charger-handsfree-included-installment-available-best-budget-phone-in-pakistan-i1958256534.html
"Vivo Y17 - 6.35 Inches IPS LCD Display - 8GB RAM - 256GB Storage - Official PTA Approved - Fingerprint Sensor - Helio P35 Processor - (Phone and Box Charger, No Accessories Included - Mix Color)",4.3/565 Ratings5210210,4.3,Ratings 65,https://www.daraz.pk/products/vivo-y17-635-ips-lcd-8gb-ram-256gb-pta-helio-p35-i491864707.html
"Vivo Y17 - 6.35 Inches IPS LCD Display - 8GB RAM - 256GB Storage - Official PTA Approved - Fingerprint Sensor - Helio P35 Processor - (Phone and Box Charger, No Accessories Included - Mix Color)",مجھے پارسل ڈلیوری ھو گیا کااور میں نے جس طرح کلر کا آڈر دیا تھا اسی طرح کلر بھیجا ھے میں دراز کپنی کاشکرگزارھوشکریا Y 17 Mobil 6.35inch۔. Nice and Best Quality...SAQIB,4.3,Ratings 65,https://www.daraz.pk/products/vivo-y17-635-ips-lcd-8gb-ram-256gb-pta-helio-p35-i491864707.html
"Vivo Y17 - 6.35 Inches IPS LCD Display - 8GB RAM - 256GB Storage - Official PTA Approved - Fingerprint Sensor - Helio P35 Processor - (Phone and Box Charger, No Accessories Included - Mix Color)","This is a kit phone and IME checked which I found correct, PTA approved. found as original",4.3,Ratings 65,https://www.daraz.pk/products/vivo-y17-635-ips-lcd-8gb-ram-256gb-pta-helio-p35-i491864707.html
"Vivo Y17 - 6.35 Inches IPS LCD Display - 8GB RAM - 256GB Storage - Official PTA Approved - Fingerprint Sensor - Helio P35 Processor - (Phone and Box Charger, No Accessories Included - Mix Color)",Ram is not 8 gb its 4.56 usable rom is 128 useable service signal strength is weak style same as shown in pics other commitment is ok under review may b return,4.3,Ratings 65,https://www.daraz.pk/products/vivo-y17-635-ips-lcd-8gb-ram-256gb-pta-helio-p35-i491864707.html
"Vivo Y17 - 6.35 Inches IPS LCD Display - 8GB RAM - 256GB Storage - Official PTA Approved - Fingerprint Sensor - Helio P35 Processor - (Phone and Box Charger, No Accessories Included - Mix Color)",مجھے پارسل ڈلیوری ھو گیا کااور میں نے جس طرح کلر کا آڈر دیا تھا اسی طرح کلر بھیجا ھے میں دراز کپنی کاشکرگزارھوشکریا Y 17 Mobil 6.35inch۔. Nice and Best Quality...SAQIB0,4.3,Ratings 65,https://www.daraz.pk/products/vivo-y17-635-ips-lcd-8gb-ram-256gb-pta-helio-p35-i491864707.html
"Vivo Y17 - 6.35 Inches IPS LCD Display - 8GB RAM - 256GB Storage - Official PTA Approved - Fingerprint Sensor - Helio P35 Processor - (Phone and Box Charger, No Accessories Included - Mix Color)","This is a kit phone and IME checked which I found correct, PTA approved. found as original0",4.3,Ratings 65,https://www.daraz.pk/products/vivo-y17-635-ips-lcd-8gb-ram-256gb-pta-helio-p35-i491864707.html
"Vivo Y17 - 6.35 Inches IPS LCD Display - 8GB RAM - 256GB Storage - Official PTA Approved - Fingerprint Sensor - Helio P35 Processor - (Phone and Box Charger, No Accessories Included - Mix Color)",Ram is not 8 gb its 4.56 usable rom is 128 useable service signal strength is weak style same as shown in pics other commitment is ok under review may b return0,4.3,Ratings 65,https://www.daraz.pk/products/vivo-y17-635-ips-lcd-8gb-ram-256gb-pta-helio-p35-i491864707.html
Apple iPhone 17 Pro - 512GB,5.0/51 Ratings10000,5.0,Ratings 1,https://www.daraz.pk/products/apple-iphone-17-pro-512gb-i1957827008.html
Apple iPhone 17 Pro - 512GB,"The phone was received in good condition and arrived on time. However, the complimentary charger was not included with the package.",5.0,Ratings 1,https://www.daraz.pk/products/apple-iphone-17-pro-512gb-i1957827008.html
Apple iPhone 17 Pro - 512GB,"The phone was received in good condition and arrived on time. However, the complimentary charger was not included with the package.0",5.0,Ratings 1,https://www.daraz.pk/products/apple-iphone-17-pro-512gb-i1957827008.html
Original Vivo Y85 Smartphone | 4GB 64GB | 6.22-inch Notch Screen | PTA Approved | Snapdragon High Performance | FREE Charger Included | Best Discounted Rate | Installment Plan,5.0/52 Ratings20000,5.0,Ratings 2,https://www.daraz.pk/products/y85-4-64-622-i1950844162.html
Original Vivo Y85 Smartphone | 4GB 64GB | 6.22-inch Notch Screen | PTA Approved | Snapdragon High Performance | FREE Charger Included | Best Discounted Rate | Installment Plan,Mobile thek hei. Battery ky hawaly sy problem ayi seller sy rabta keya to us ny problem slove krwa de. Recommended for purchase,5.0,Ratings 2,https://www.daraz.pk/products/y85-4-64-622-i1950844162.html
Original Vivo Y85 Smartphone | 4GB 64GB | 6.22-inch Notch Screen | PTA Approved | Snapdragon High Performance | FREE Charger Included | Best Discounted Rate | Installment Plan,it is working. But I receive messages everyday from PAI tax for this set is not paid. it will be blocked after few days,5.0,Ratings 2,https://www.daraz.pk/products/y85-4-64-622-i1950844162.html
Original Vivo Y85 Smartphone | 4GB 64GB | 6.22-inch Notch Screen | PTA Approved | Snapdragon High Performance | FREE Charger Included | Best Discounted Rate | Installment Plan,Mobile thek hei. Battery ky hawaly sy problem ayi seller sy rabta keya to us ny problem slove krwa de. Recommended for purchase0,5.0,Ratings 2,https://www.daraz.pk/products/y85-4-64-622-i1950844162.html
Original Vivo Y85 Smartphone | 4GB 64GB | 6.22-inch Notch Screen | PTA Approved | Snapdragon High Performance | FREE Charger Included | Best Discounted Rate | Installment Plan,it is working. But I receive messages everyday from PAI tax for this set is not paid. it will be blocked after few days0,5.0,Ratings 2,https://www.daraz.pk/products/y85-4-64-622-i1950844162.html
Apple iPhone 17 Pro - 256GB,5.0/51 Ratings10000,,Ratings 1,https://www.daraz.pk/products/apple-iphone-17-pro-256gb-i1957827007.html
Apple iPhone 17 Pro - 256GB,Very good price & excellent service,,Ratings 1,https://www.daraz.pk/products/apple-iphone-17-pro-256gb-i1957827007.html
Apple iPhone 17 Pro - 256GB,Very good price & excellent service0,,Ratings 1,https://www.daraz.pk/products/apple-iphone-17-pro-256gb-i1957827007.html
vivo Y05 4GB + 64GB PTA Approved,5.0/57 Ratings70000,,Ratings 7,https://www.daraz.pk/products/vivo-y05-4gb-64gb-pta-approved-i1959949908.html
vivo Y05 4GB + 64GB PTA Approved,best service 💯 original mobile 10/10 for daraz,,Ratings 7,https://www.daraz.pk/products/vivo-y05-4gb-64gb-pta-approved-i1959949908.html
vivo Y05 4GB + 64GB PTA Approved,best service 💯 original mobile 10/10 for daraz0,,Ratings 7,https://www.daraz.pk/products/vivo-y05-4gb-64gb-pta-approved-i1959949908.html
"Vivo Y66 | Dual Sim | PTA Approve | 4GB Ram 64GB Storage | Long Lasting 3000 MAH Battery | Memory Card Suppirt | Vivo Box , Charger Sim Injector Tool & Phone | Vivo Mobile | Mobile Phone On Easy Installment | Whatsapp , Youtube Facebook & Tiktok Working",4.4/57 Ratings60001,4.4,Ratings 7,https://www.daraz.pk/products/66-4-64-3000-i1950750341.html
"Vivo Y66 | Dual Sim | PTA Approve | 4GB Ram 64GB Storage | Long Lasting 3000 MAH Battery | Memory Card Suppirt | Vivo Box , Charger Sim Injector Tool & Phone | Vivo Mobile | Mobile Phone On Easy Installment | Whatsapp , Youtube Facebook & Tiktok Working",Ji yah mobile bahut hi Ganda hai Aur iski raim 6gb bataegi hai aur Char 128 memory batai gai hai aur is mobile ki memory 1GB Bhi Nahin Hai aur yah Maine ab refund karne wapasi karna hai Meherbani Karke yah parcel apna wapasi mangvaen,4.4,Ratings 7,https://www.daraz.pk/products/66-4-64-3000-i1950750341.html
"Vivo Y66 | Dual Sim | PTA Approve | 4GB Ram 64GB Storage | Long Lasting 3000 MAH Battery | Memory Card Suppirt | Vivo Box , Charger Sim Injector Tool & Phone | Vivo Mobile | Mobile Phone On Easy Installment | Whatsapp , Youtube Facebook & Tiktok Working","Content: Satisfied so far so good, detailed review after use",4.4,Ratings 7,https://www.daraz.pk/products/66-4-64-3000-i1950750341.html
"Vivo Y66 | Dual Sim | PTA Approve | 4GB Ram 64GB Storage | Long Lasting 3000 MAH Battery | Memory Card Suppirt | Vivo Box , Charger Sim Injector Tool & Phone | Vivo Mobile | Mobile Phone On Easy Installment | Whatsapp , Youtube Facebook & Tiktok Working",speaker kam nhe ke Raha hai Aur IMEI change hai worst experience I will never order from daraz again.,4.4,Ratings 7,https://www.daraz.pk/products/66-4-64-3000-i1950750341.html
"Vivo Y66 | Dual Sim | PTA Approve | 4GB Ram 64GB Storage | Long Lasting 3000 MAH Battery | Memory Card Suppirt | Vivo Box , Charger Sim Injector Tool & Phone | Vivo Mobile | Mobile Phone On Easy Installment | Whatsapp , Youtube Facebook & Tiktok Working",Ji yah mobile bahut hi Ganda hai Aur iski raim 6gb bataegi hai aur Char 128 memory batai gai hai aur is mobile ki memory 1GB Bhi Nahin Hai aur yah Maine ab refund karne wapasi karna hai Meherbani Karke yah parcel apna wapasi mangvaen0,4.4,Ratings 7,https://www.daraz.pk/products/66-4-64-3000-i1950750341.html
"Vivo Y66 | Dual Sim | PTA Approve | 4GB Ram 64GB Storage | Long Lasting 3000 MAH Battery | Memory Card Suppirt | Vivo Box , Charger Sim Injector Tool & Phone | Vivo Mobile | Mobile Phone On Easy Installment | Whatsapp , Youtube Facebook & Tiktok Working","Content: Satisfied so far so good, detailed review after use0",4.4,Ratings 7,https://www.daraz.pk/products/66-4-64-3000-i1950750341.html
"Vivo Y66 | Dual Sim | PTA Approve | 4GB Ram 64GB Storage | Long Lasting 3000 MAH Battery | Memory Card Suppirt | Vivo Box , Charger Sim Injector Tool & Phone | Vivo Mobile | Mobile Phone On Easy Installment | Whatsapp , Youtube Facebook & Tiktok Working",speaker kam nhe ke Raha hai Aur IMEI change hai worst experience I will never order from daraz again.0,4.4,Ratings 7,https://www.daraz.pk/products/66-4-64-3000-i1950750341.html
Tecno Spark GO 3 4/64,4.9/563 Ratings600201,4.9,Ratings 63,https://www.daraz.pk/products/tecno-spark-go-3-464-i1948224278.html
Tecno Spark GO 3 4/64,The Tecno Spark 3 Go is a good phone in the normal range that can still be had for a small amount of money.,4.9,Ratings 63,https://www.daraz.pk/products/tecno-spark-go-3-464-i1948224278.html
Tecno Spark GO 3 4/64,Subcategory:techno spark go 3 4 64 box pack PTR pro seal pack Mil Gaya hai thank you techno,4.9,Ratings 63,https://www.daraz.pk/products/tecno-spark-go-3-464-i1948224278.html
Tecno Spark GO 3 4/64,Delivery takes given time but i need fast delivery. Well packaging was very very good.,4.9,Ratings 63,https://www.daraz.pk/products/tecno-spark-go-3-464-i1948224278.html
Tecno Spark GO 3 4/64,The Tecno Spark 3 Go is a good phone in the normal range that can still be had for a small amount of money.0,4.9,Ratings 63,https://www.daraz.pk/products/tecno-spark-go-3-464-i1948224278.html
Tecno Spark GO 3 4/64,Subcategory:techno spark go 3 4 64 box pack PTR pro seal pack Mil Gaya hai thank you techno0,4.9,Ratings 63,https://www.daraz.pk/products/tecno-spark-go-3-464-i1948224278.html
Tecno Spark GO 3 4/64,Delivery takes given time but i need fast delivery. Well packaging was very very good.0,4.9,Ratings 63,https://www.daraz.pk/products/tecno-spark-go-3-464-i1948224278.html
Tecno Spark 50 6GB / 128GB,4.9/572 Ratings710001,4.9,Ratings 72,https://www.daraz.pk/products/tecno-spark-50-6gb-128gb-i1953617482.html
Tecno Spark 50 6GB / 128GB,Depth:perfect Subcategory:good Content:perfect very satisfying for This kafi Colr pssnd aya iska I love it thank for this overall perfect,4.9,Ratings 72,https://www.daraz.pk/products/tecno-spark-50-6gb-128gb-i1953617482.html
Tecno Spark 50 6GB / 128GB,best mobile 📲📱📱📲📲 best battery time .tacno bohut acha mobile hai thank you 😊🙏🙏🙏😊😊😊,4.9,Ratings 72,https://www.daraz.pk/products/tecno-spark-50-6gb-128gb-i1953617482.html
Tecno Spark 50 6GB / 128GB,best neo mobile 📱📱 big batry Best camera 📸 7000 mAh battery phone 📱 thank you 👍🙏👍👍👍,4.9,Ratings 72,https://www.daraz.pk/products/tecno-spark-50-6gb-128gb-i1953617482.html
Tecno Spark 50 6GB / 128GB,Depth:perfect Subcategory:good Content:perfect very satisfying for This kafi Colr pssnd aya iska I love it thank for this overall perfect0,4.9,Ratings 72,https://www.daraz.pk/products/tecno-spark-50-6gb-128gb-i1953617482.html
Tecno Spark 50 6GB / 128GB,best mobile 📲📱📱📲📲 best battery time .tacno bohut acha mobile hai thank you 😊🙏🙏🙏😊😊😊0,4.9,Ratings 72,https://www.daraz.pk/products/tecno-spark-50-6gb-128gb-i1953617482.html
Tecno Spark 50 6GB / 128GB,best neo mobile 📱📱 big batry Best camera 📸 7000 mAh battery phone 📱 thank you 👍🙏👍👍👍0,4.9,Ratings 72,https://www.daraz.pk/products/tecno-spark-50-6gb-128gb-i1953617482.html
Infinix Hot 70 6GB/128GB,5.0/55 Ratings50000,5.0,Ratings 5,https://www.daraz.pk/products/infinix-hot-70-6gb128gb-i1967343206.html
Infinix Hot 70 6GB/128GB,The Phone is really good for it’s price tag. other brands offering same features at such a high prices it is budget and best phone in this high inflation. Highly recommended,5.0,Ratings 5,https://www.daraz.pk/products/infinix-hot-70-6gb128gb-i1967343206.html
Infinix Hot 70 6GB/128GB,The Phone is really good for it’s price tag. other brands offering same features at such a high prices it is budget and best phone in this high inflation. Highly recommended0,5.0,Ratings 5,https://www.daraz.pk/products/infinix-hot-70-6gb128gb-i1967343206.html
Oppo A6c 4GB/64GB,5.0/58 Ratings80000,5.0,Ratings 8,https://www.daraz.pk/products/oppo-a6c-4gb64gb-i1951925163.html
Oppo A6c 4GB/64GB,السلام علیکم پی ٹی اے سے اپروڈ ڈیوائس برینڈ نیو سیلڈ پیک مارکیٹ میں ہول سیل پرائس سے تھوڑا مہنگا اور پرچون پرائس سے تھوڑا سستا ہے میں نے انسٹالمنٹ پہ آرڈر کیا زیرو پرسنٹ کے ساتھ مارکیٹ میں انسٹالمنٹ پر بہت مہنگا ہے,5.0,Ratings 8,https://www.daraz.pk/products/oppo-a6c-4gb64gb-i1951925163.html
Oppo A6c 4GB/64GB,Fake mobile please don’t buy Draz app phone,5.0,Ratings 8,https://www.daraz.pk/products/oppo-a6c-4gb64gb-i1951925163.html
Oppo A6c 4GB/64GB,I receive real and authentic product phone are Good and non active Subcategory:Oppo 4/64 Content:Full warranty,5.0,Ratings 8,https://www.daraz.pk/products/oppo-a6c-4gb64gb-i1951925163.html
Oppo A6c 4GB/64GB,السلام علیکم پی ٹی اے سے اپروڈ ڈیوائس برینڈ نیو سیلڈ پیک مارکیٹ میں ہول سیل پرائس سے تھوڑا مہنگا اور پرچون پرائس سے تھوڑا سستا ہے میں نے انسٹالمنٹ پہ آرڈر کیا زیرو پرسنٹ کے ساتھ مارکیٹ میں انسٹالمنٹ پر بہت مہنگا ہے0,5.0,Ratings 8,https://www.daraz.pk/products/oppo-a6c-4gb64gb-i1951925163.html
Oppo A6c 4GB/64GB,Fake mobile please don’t buy Draz app phone0,5.0,Ratings 8,https://www.daraz.pk/products/oppo-a6c-4gb64gb-i1951925163.html
Oppo A6c 4GB/64GB,I receive real and authentic product phone are Good and non active Subcategory:Oppo 4/64 Content:Full warranty0,5.0,Ratings 8,https://www.daraz.pk/products/oppo-a6c-4gb64gb-i1951925163.html
Samsung Galaxy A07 4GB+64GB - PTA APPROVED,4.8/5542 Ratings4931612215,4.8,Ratings 542,https://www.daraz.pk/products/samsung-galaxy-a07-4gb64gb-pta-approved-i924758885.html
Samsung Galaxy A07 4GB+64GB - PTA APPROVED,"⭐⭐⭐⭐⭐ Review I recently ordered this Samsung Galaxy A07 online, and I’m very satisfied with my purchase. The phone was delivered quickly and arrived in perfect condition with secure packaging. The quality is excellent, everything works smoothly, and the device looks exactly as described. Overall, it was a great shopping experience. Highly recommended! Thank you for the fast delivery and excellent service! 😊📱",4.8,Ratings 542,https://www.daraz.pk/products/samsung-galaxy-a07-4gb64gb-pta-approved-i924758885.html
Samsung Galaxy A07 4GB+64GB - PTA APPROVED,"I recently purchased the Samsung A07 ❤️😊 from Daraz, and I’m happy to say that the phone I received is 100% original and authentic. It is a fully branded device with PTA approval and no EMI issues at all, which gave me peace of mind about its quality and legitimacy. ❤️👍🏻 The phone itself looks very good — clean design with One UI 8, modern feel, and overall quite attractive. The performance is also solid for its price range, with a decent processor G99 😁 that handles daily tasks smoothly. However, the only downside of my experience was the delivery service😴. TCS took almost a full week to deliver my order😔, which is quite slow. Their service feels outdated and could definitely be improved. Overall, the product is excellent and exactly as described, but the delivery experience needs serious improvement.",4.8,Ratings 542,https://www.daraz.pk/products/samsung-galaxy-a07-4gb64gb-pta-approved-i924758885.html
Samsung Galaxy A07 4GB+64GB - PTA APPROVED,"This was my first time buying a phone on Daraz, I was extremely worried if I will get an authentic undamaged phone. I received the phone without a scratch and very quickly in a few days. I checked PTA IMEI verification, Compared IMEI on the device, on the sticker and the box, to check authenticity, Alhumdulillah all tests passed. I am really grateful to the Samsung Flagship store and Daraz for the highly positive outcome. I would suggest everyone to buy a screen protector and phone cover as soon as possible to protect your new phone. Though it was sad that they didn't send a charging adapter with the phone, only the cable. 😔 Overall a great experience for me 👍",4.8,Ratings 542,https://www.daraz.pk/products/samsung-galaxy-a07-4gb64gb-pta-approved-i924758885.html
Samsung Galaxy A07 4GB+64GB - PTA APPROVED,"⭐⭐⭐⭐⭐ Review I recently ordered this Samsung Galaxy A07 online, and I’m very satisfied with my purchase. The phone was delivered quickly and arrived in perfect condition with secure packaging. The quality is excellent, everything works smoothly, and the device looks exactly as described. Overall, it was a great shopping experience. Highly recommended! Thank you for the fast delivery and excellent service! 😊📱0",4.8,Ratings 542,https://www.daraz.pk/products/samsung-galaxy-a07-4gb64gb-pta-approved-i924758885.html
Samsung Galaxy A07 4GB+64GB - PTA APPROVED,"I recently purchased the Samsung A07 ❤️😊 from Daraz, and I’m happy to say that the phone I received is 100% original and authentic. It is a fully branded device with PTA approval and no EMI issues at all, which gave me peace of mind about its quality and legitimacy. ❤️👍🏻 The phone itself looks very good — clean design with One UI 8, modern feel, and overall quite attractive. The performance is also solid for its price range, with a decent processor G99 😁 that handles daily tasks smoothly. However, the only downside of my experience was the delivery service😴. TCS took almost a full week to deliver my order😔, which is quite slow. Their service feels outdated and could definitely be improved. Overall, the product is excellent and exactly as described, but the delivery experience needs serious improvement.0",4.8,Ratings 542,https://www.daraz.pk/products/samsung-galaxy-a07-4gb64gb-pta-approved-i924758885.html
Samsung Galaxy A07 4GB+64GB - PTA APPROVED,"This was my first time buying a phone on Daraz, I was extremely worried if I will get an authentic undamaged phone. I received the phone without a scratch and very quickly in a few days. I checked PTA IMEI verification, Compared IMEI on the device, on the sticker and the box, to check authenticity, Alhumdulillah all tests passed. I am really grateful to the Samsung Flagship store and Daraz for the highly positive outcome. I would suggest everyone to buy a screen protector and phone cover as soon as possible to protect your new phone. Though it was sad that they didn't send a charging adapter with the phone, only the cable. 😔 Overall a great experience for me 👍0",4.8,Ratings 542,https://www.daraz.pk/products/samsung-galaxy-a07-4gb64gb-pta-approved-i924758885.html
Vivo Y19s - 6.74 Inches IPS LCD Display - 8+1GB RAM - 256GB Storage - Official PTA Approved - Fingerprint Sensor - (Phone and Universal Box. No Charger and No Accessories Included - Mix Color),2.7/53 Ratings10011,2.7,Ratings 3,https://www.daraz.pk/products/vivo-y19s-674-ips-lcd-81gb-256gb-i1954179871.html
Vivo Y19s - 6.74 Inches IPS LCD Display - 8+1GB RAM - 256GB Storage - Official PTA Approved - Fingerprint Sensor - (Phone and Universal Box. No Charger and No Accessories Included - Mix Color),you have provided used Infinix charger quality set is avearage,2.7,Ratings 3,https://www.daraz.pk/products/vivo-y19s-674-ips-lcd-81gb-256gb-i1954179871.html
Vivo Y19s - 6.74 Inches IPS LCD Display - 8+1GB RAM - 256GB Storage - Official PTA Approved - Fingerprint Sensor - (Phone and Universal Box. No Charger and No Accessories Included - Mix Color),you have provided used Infinix charger quality set is avearage0,2.7,Ratings 3,https://www.daraz.pk/products/vivo-y19s-674-ips-lcd-81gb-256gb-i1954179871.html
Samsung Galaxy A07 6GB+128GB PTA APPROVED,4.9/5238 Ratings2244315,4.9,Ratings 238,https://www.daraz.pk/products/samsung-galaxy-a07-6gb128gb-pta-approved-i924786211.html
Samsung Galaxy A07 6GB+128GB PTA APPROVED,"good service ,quick delivery",4.9,Ratings 238,https://www.daraz.pk/products/samsung-galaxy-a07-6gb128gb-pta-approved-i924786211.html
Samsung Galaxy A07 6GB+128GB PTA APPROVED,"genuine product, ordered 5th time from this seller, fast delivery and fully packed. Exactly as shown in pictures.",4.9,Ratings 238,https://www.daraz.pk/products/samsung-galaxy-a07-6gb128gb-pta-approved-i924786211.html
Samsung Galaxy A07 6GB+128GB PTA APPROVED,Content:mobile bhoth Acha hai ye samsung ki official shop hai yahan thanks daraz 😊 original Subcategory:excellent Depth:excellent,4.9,Ratings 238,https://www.daraz.pk/products/samsung-galaxy-a07-6gb128gb-pta-approved-i924786211.html
Samsung Galaxy A07 6GB+128GB PTA APPROVED,"good service ,quick delivery0",4.9,Ratings 238,https://www.daraz.pk/products/samsung-galaxy-a07-6gb128gb-pta-approved-i924786211.html
Samsung Galaxy A07 6GB+128GB PTA APPROVED,"genuine product, ordered 5th time from this seller, fast delivery and fully packed. Exactly as shown in pictures.0",4.9,Ratings 238,https://www.daraz.pk/products/samsung-galaxy-a07-6gb128gb-pta-approved-i924786211.html
Samsung Galaxy A07 6GB+128GB PTA APPROVED,Content:mobile bhoth Acha hai ye samsung ki official shop hai yahan thanks daraz 😊 original Subcategory:excellent Depth:excellent0,4.9,Ratings 238,https://www.daraz.pk/products/samsung-galaxy-a07-6gb128gb-pta-approved-i924786211.html
Vivo Y19s - 6.74 Inches  LCD Display - 8+1GB RAM - 256GB Storage (128GB Usable + 128GB System Reserved) - Official PTA Approved - Fingerprint Sensor - (Phone and Universal Box. No Charger and No Accessories Included - Mix Color),5.0/55 Ratings50000,5.0,Ratings 5,https://www.daraz.pk/products/y19s-lcd-8-1gb-1gb-674-gb-256gb-pta-i1957742597.html
Vivo Y19s - 6.74 Inches  LCD Display - 8+1GB RAM - 256GB Storage (128GB Usable + 128GB System Reserved) - Official PTA Approved - Fingerprint Sensor - (Phone and Universal Box. No Charger and No Accessories Included - Mix Color),بھائی میں نے واپس کیا آپ نے پھر واپس کردیا جب whatsup چل ہی نہیں رھا تو کیا کروں vivo کا account بھی login نہیں ہو رھا پلیز رابطہ کریں یا واپس لیجیے,5.0,Ratings 5,https://www.daraz.pk/products/y19s-lcd-8-1gb-1gb-674-gb-256gb-pta-i1957742597.html
Vivo Y19s - 6.74 Inches  LCD Display - 8+1GB RAM - 256GB Storage (128GB Usable + 128GB System Reserved) - Official PTA Approved - Fingerprint Sensor - (Phone and Universal Box. No Charger and No Accessories Included - Mix Color),Content:normal ok ok Subcategory:normal ok ok Depth:normal ok ok,5.0,Ratings 5,https://www.daraz.pk/products/y19s-lcd-8-1gb-1gb-674-gb-256gb-pta-i1957742597.html
Vivo Y19s - 6.74 Inches  LCD Display - 8+1GB RAM - 256GB Storage (128GB Usable + 128GB System Reserved) - Official PTA Approved - Fingerprint Sensor - (Phone and Universal Box. No Charger and No Accessories Included - Mix Color),It's looks used. Charger with mobile is also infix company.,5.0,Ratings 5,https://www.daraz.pk/products/y19s-lcd-8-1gb-1gb-674-gb-256gb-pta-i1957742597.html
Vivo Y19s - 6.74 Inches  LCD Display - 8+1GB RAM - 256GB Storage (128GB Usable + 128GB System Reserved) - Official PTA Approved - Fingerprint Sensor - (Phone and Universal Box. No Charger and No Accessories Included - Mix Color),بھائی میں نے واپس کیا آپ نے پھر واپس کردیا جب whatsup چل ہی نہیں رھا تو کیا کروں vivo کا account بھی login نہیں ہو رھا پلیز رابطہ کریں یا واپس لیجیے0,5.0,Ratings 5,https://www.daraz.pk/products/y19s-lcd-8-1gb-1gb-674-gb-256gb-pta-i1957742597.html
Vivo Y19s - 6.74 Inches  LCD Display - 8+1GB RAM - 256GB Storage (128GB Usable + 128GB System Reserved) - Official PTA Approved - Fingerprint Sensor - (Phone and Universal Box. No Charger and No Accessories Included - Mix Color),Content:normal ok ok Subcategory:normal ok ok Depth:normal ok ok0,5.0,Ratings 5,https://www.daraz.pk/products/y19s-lcd-8-1gb-1gb-674-gb-256gb-pta-i1957742597.html
Vivo Y19s - 6.74 Inches  LCD Display - 8+1GB RAM - 256GB Storage (128GB Usable + 128GB System Reserved) - Official PTA Approved - Fingerprint Sensor - (Phone and Universal Box. No Charger and No Accessories Included - Mix Color),It's looks used. Charger with mobile is also infix company.0,5.0,Ratings 5,https://www.daraz.pk/products/y19s-lcd-8-1gb-1gb-674-gb-256gb-pta-i1957742597.html
Xiaomi Redmi A7 Pro 4/128,5.0/53 Ratings30000,5.0,Ratings 3,https://www.daraz.pk/products/xiaomi-redmi-a7-pro-4128-i1960431308.html
Xiaomi Redmi A7 Pro 4/128,on time delivery good service Good phone,5.0,Ratings 3,https://www.daraz.pk/products/xiaomi-redmi-a7-pro-4128-i1960431308.html
Xiaomi Redmi A7 Pro 4/128,on time delivery good service Good phone0,5.0,Ratings 3,https://www.daraz.pk/products/xiaomi-redmi-a7-pro-4128-i1960431308.html
Samsung Galaxy A07 4GB+128GB - PTA APPROVED,4.8/5287 Ratings25913228,4.8,Ratings 287,https://www.daraz.pk/products/samsung-galaxy-a07-4gb128gb-pta-approved-i924759919.html
Samsung Galaxy A07 4GB+128GB - PTA APPROVED,it was a gift and i am really happy. product was very well packed and box packed phone sent. same as showing. totally recommended.,4.8,Ratings 287,https://www.daraz.pk/products/samsung-galaxy-a07-4gb128gb-pta-approved-i924759919.html
Samsung Galaxy A07 4GB+128GB - PTA APPROVED,Bhai ap se A07 5 pes me le chuka he MashaAllah achi peking or orgnal bhejy he Shukrya bhai ap ka ♥️♥️♥️🥰🥰,4.8,Ratings 287,https://www.daraz.pk/products/samsung-galaxy-a07-4gb128gb-pta-approved-i924759919.html
Samsung Galaxy A07 4GB+128GB - PTA APPROVED,جو چیز منگوائی تھی بالکل وہی ائی ہے لیکن اس کے اندر چارجر موجود نہیں تھا ۔ بہرحال میں سیٹسفائیڈ ہوں,4.8,Ratings 287,https://www.daraz.pk/products/samsung-galaxy-a07-4gb128gb-pta-approved-i924759919.html
Samsung Galaxy A07 4GB+128GB - PTA APPROVED,it was a gift and i am really happy. product was very well packed and box packed phone sent. same as showing. totally recommended.0,4.8,Ratings 287,https://www.daraz.pk/products/samsung-galaxy-a07-4gb128gb-pta-approved-i924759919.html
Samsung Galaxy A07 4GB+128GB - PTA APPROVED,Bhai ap se A07 5 pes me le chuka he MashaAllah achi peking or orgnal bhejy he Shukrya bhai ap ka ♥️♥️♥️🥰🥰0,4.8,Ratings 287,https://www.daraz.pk/products/samsung-galaxy-a07-4gb128gb-pta-approved-i924759919.html
Samsung Galaxy A07 4GB+128GB - PTA APPROVED,جو چیز منگوائی تھی بالکل وہی ائی ہے لیکن اس کے اندر چارجر موجود نہیں تھا ۔ بہرحال میں سیٹسفائیڈ ہوں0,4.8,Ratings 287,https://www.daraz.pk/products/samsung-galaxy-a07-4gb128gb-pta-approved-i924759919.html
Infinix Smart 20 4GB / 128GB,4.7/546 Ratings430003,4.7,Ratings 46,https://www.daraz.pk/products/infinix-smart-20-4gb-128gb-i1957791130.html
Infinix Smart 20 4GB / 128GB,Content:Good price nice product thanks daraz,4.7,Ratings 46,https://www.daraz.pk/products/infinix-smart-20-4gb-128gb-i1957791130.html
Infinix Smart 20 4GB / 128GB,Content:10by 10,4.7,Ratings 46,https://www.daraz.pk/products/infinix-smart-20-4gb-128gb-i1957791130.html
Infinix Smart 20 4GB / 128GB,Thank you no dmage. no scam all okay packaging is best thabk you,4.7,Ratings 46,https://www.daraz.pk/products/infinix-smart-20-4gb-128gb-i1957791130.html
Infinix Smart 20 4GB / 128GB,Content:Good price nice product thanks daraz0,4.7,Ratings 46,https://www.daraz.pk/products/infinix-smart-20-4gb-128gb-i1957791130.html
Infinix Smart 20 4GB / 128GB,Content:10by 100,4.7,Ratings 46,https://www.daraz.pk/products/infinix-smart-20-4gb-128gb-i1957791130.html
Infinix Smart 20 4GB / 128GB,Thank you no dmage. no scam all okay packaging is best thabk you0,4.7,Ratings 46,https://www.daraz.pk/products/infinix-smart-20-4gb-128gb-i1957791130.html
"Vivo Y71 | 6GB Ram | 128GB STORAGE | Dual Sim + Memory Card | 3430 MAH Long Lasting Battery | Normal Games Support Like Subway Surfar, Candy Crush, Roblox & many More | PTA Approve | With Free Gift Box, Charger Sim Injector Tool | Vivo Y71 On Installment",3.7/53 Ratings20001,3.7,Ratings 3,https://www.daraz.pk/products/71-6-128-3430-i1951405254.html
"Vivo Y71 | 6GB Ram | 128GB STORAGE | Dual Sim + Memory Card | 3430 MAH Long Lasting Battery | Normal Games Support Like Subway Surfar, Candy Crush, Roblox & many More | PTA Approve | With Free Gift Box, Charger Sim Injector Tool | Vivo Y71 On Installment",hi ya vivo y71 acha ha bhot lakin ya sirf day by day use Karne kaliya lakin per ba acha hm is per normal to tora uper know. use kar skate ha thanks,3.7,Ratings 3,https://www.daraz.pk/products/71-6-128-3430-i1951405254.html
"Vivo Y71 | 6GB Ram | 128GB STORAGE | Dual Sim + Memory Card | 3430 MAH Long Lasting Battery | Normal Games Support Like Subway Surfar, Candy Crush, Roblox & many More | PTA Approve | With Free Gift Box, Charger Sim Injector Tool | Vivo Y71 On Installment",zabardast ✅,3.7,Ratings 3,https://www.daraz.pk/products/71-6-128-3430-i1951405254.html
"Vivo Y71 | 6GB Ram | 128GB STORAGE | Dual Sim + Memory Card | 3430 MAH Long Lasting Battery | Normal Games Support Like Subway Surfar, Candy Crush, Roblox & many More | PTA Approve | With Free Gift Box, Charger Sim Injector Tool | Vivo Y71 On Installment",hi ya vivo y71 acha ha bhot lakin ya sirf day by day use Karne kaliya lakin per ba acha hm is per normal to tora uper know. use kar skate ha thanks0,3.7,Ratings 3,https://www.daraz.pk/products/71-6-128-3430-i1951405254.html
"Vivo Y71 | 6GB Ram | 128GB STORAGE | Dual Sim + Memory Card | 3430 MAH Long Lasting Battery | Normal Games Support Like Subway Surfar, Candy Crush, Roblox & many More | PTA Approve | With Free Gift Box, Charger Sim Injector Tool | Vivo Y71 On Installment",zabardast ✅0,3.7,Ratings 3,https://www.daraz.pk/products/71-6-128-3430-i1951405254.html
Redmi A5 4 GB RAM ROM 64 Non Scanned - Non Active - PTA APPROVED,4.9/578 Ratings733100,4.9,Ratings 78,https://www.daraz.pk/products/redmi-a5-4-gb-ram-rom-64-non-scanned-non-active-pta-approved-i801532292.html
Redmi A5 4 GB RAM ROM 64 Non Scanned - Non Active - PTA APPROVED,Content:good Subcategory:good Depth:good bohot acha hai look wise Baki chalne ka bad pata chalyga handlg wagera to ni hota hai,4.9,Ratings 78,https://www.daraz.pk/products/redmi-a5-4-gb-ram-rom-64-non-scanned-non-active-pta-approved-i801532292.html
Redmi A5 4 GB RAM ROM 64 Non Scanned - Non Active - PTA APPROVED,Alhamdulilah! Phone is completely new! no repacking. If someone wants to buy a phone at this range I'll prefer this. Delivery was in 6 days. Thank you Daraz!!!,4.9,Ratings 78,https://www.daraz.pk/products/redmi-a5-4-gb-ram-rom-64-non-scanned-non-active-pta-approved-i801532292.html
Redmi A5 4 GB RAM ROM 64 Non Scanned - Non Active - PTA APPROVED,Content:8 Subcategory:8 Depth:8 nice same as show in pictures Thora hang kar raha hai,4.9,Ratings 78,https://www.daraz.pk/products/redmi-a5-4-gb-ram-rom-64-non-scanned-non-active-pta-approved-i801532292.html
Redmi A5 4 GB RAM ROM 64 Non Scanned - Non Active - PTA APPROVED,Content:good Subcategory:good Depth:good bohot acha hai look wise Baki chalne ka bad pata chalyga handlg wagera to ni hota hai0,4.9,Ratings 78,https://www.daraz.pk/products/redmi-a5-4-gb-ram-rom-64-non-scanned-non-active-pta-approved-i801532292.html
Redmi A5 4 GB RAM ROM 64 Non Scanned - Non Active - PTA APPROVED,Alhamdulilah! Phone is completely new! no repacking. If someone wants to buy a phone at this range I'll prefer this. Delivery was in 6 days. Thank you Daraz!!!0,4.9,Ratings 78,https://www.daraz.pk/products/redmi-a5-4-gb-ram-rom-64-non-scanned-non-active-pta-approved-i801532292.html
Redmi A5 4 GB RAM ROM 64 Non Scanned - Non Active - PTA APPROVED,Content:8 Subcategory:8 Depth:8 nice same as show in pictures Thora hang kar raha hai0,4.9,Ratings 78,https://www.daraz.pk/products/redmi-a5-4-gb-ram-rom-64-non-scanned-non-active-pta-approved-i801532292.html
Samsung Galaxy A17 8GB + 256 GB,4.9/5171 Ratings1643002,4.9,Ratings 171,https://www.daraz.pk/products/samsung-galaxy-a17-8gb-256-gb-i924762805.html
Samsung Galaxy A17 8GB + 256 GB,The mobile is really awesome. The delivery was very fast . loved the product it's amazing and highly recommended.,4.9,Ratings 171,https://www.daraz.pk/products/samsung-galaxy-a17-8gb-256-gb-i924762805.html
Samsung Galaxy A17 8GB + 256 GB,Content:Good Subcategory:Good Depth:Good Received timely and securely packed but charger is not included in box. Only cable is provided. It is better to purchase in shop to get every thing at once. Now I have to go out and find out the right charger which is difficult for me. Seller should provide the charger on a reasonable price.,4.9,Ratings 171,https://www.daraz.pk/products/samsung-galaxy-a17-8gb-256-gb-i924762805.html
Samsung Galaxy A17 8GB + 256 GB,"Good 👍100% original phone mila hai, box pack tha aur official 1 year brand warranty card sath hai. delivery 24 hour's me mil gia ta.",4.9,Ratings 171,https://www.daraz.pk/products/samsung-galaxy-a17-8gb-256-gb-i924762805.html
Samsung Galaxy A17 8GB + 256 GB,The mobile is really awesome. The delivery was very fast . loved the product it's amazing and highly recommended.0,4.9,Ratings 171,https://www.daraz.pk/products/samsung-galaxy-a17-8gb-256-gb-i924762805.html
Samsung Galaxy A17 8GB + 256 GB,Content:Good Subcategory:Good Depth:Good Received timely and securely packed but charger is not included in box. Only cable is provided. It is better to purchase in shop to get every thing at once. Now I have to go out and find out the right charger which is difficult for me. Seller should provide the charger on a reasonable price.0,4.9,Ratings 171,https://www.daraz.pk/products/samsung-galaxy-a17-8gb-256-gb-i924762805.html
Samsung Galaxy A17 8GB + 256 GB,"Good 👍100% original phone mila hai, box pack tha aur official 1 year brand warranty card sath hai. delivery 24 hour's me mil gia ta.0",4.9,Ratings 171,https://www.daraz.pk/products/samsung-galaxy-a17-8gb-256-gb-i924762805.html
OPPO A6s Pro 8GB+256GB,4.8/56 Ratings51000,4.8,Ratings 6,https://www.daraz.pk/products/oppo-a6s-pro-8gb256gb-i1950683284.html
OPPO A6s Pro 8GB+256GB,ok fully satisfied,4.8,Ratings 6,https://www.daraz.pk/products/oppo-a6s-pro-8gb256gb-i1950683284.html
OPPO A6s Pro 8GB+256GB,ok fully satisfied0,4.8,Ratings 6,https://www.daraz.pk/products/oppo-a6s-pro-8gb256gb-i1950683284.html
Oppo Reno 15 5G 256GB,3.3/54 Ratings20011,,Ratings 4,https://www.daraz.pk/products/oppo-reno-15-5g-256gb-i1950696746.html
Oppo Reno 15 5G 256GB,Brand new and Sealed item legit 💯%,,Ratings 4,https://www.daraz.pk/products/oppo-reno-15-5g-256gb-i1950696746.html
Oppo Reno 15 5G 256GB,Phone has heat up issue on data network,,Ratings 4,https://www.daraz.pk/products/oppo-reno-15-5g-256gb-i1950696746.html
Oppo Reno 15 5G 256GB,Brand new and Sealed item legit 💯%0,,Ratings 4,https://www.daraz.pk/products/oppo-reno-15-5g-256gb-i1950696746.html
Oppo Reno 15 5G 256GB,Phone has heat up issue on data network0,,Ratings 4,https://www.daraz.pk/products/oppo-reno-15-5g-256gb-i1950696746.html
Xiaomi Redmi A7 Pro 4/64,5.0/52 Ratings20000,5.0,Ratings 2,https://www.daraz.pk/products/xiaomi-redmi-a7-pro-464-i1960465006.html
Tecno Camon 50 PRO 8GB/256GB,4.7/520 Ratings180101,4.7,Ratings 20,https://www.daraz.pk/products/tecno-camon-50-pro-8gb256gb-i1949447782.html
Tecno Camon 50 PRO 8GB/256GB,"For photography, social media, daily use, and battery life, the Tecno Camon 50 Pro looks like a good mid-range phone and is generally worth considering if the Daraz seller is reputable and offers warranty support. Some users of previous Camon models reported software bugs and update issues, though experiences vary Mobile Phones Smartphones Android Phones Tecno Phones",4.7,Ratings 20,https://www.daraz.pk/products/tecno-camon-50-pro-8gb256gb-i1949447782.html
Tecno Camon 50 PRO 8GB/256GB,The chipset could have been better. Otherwise it's a really good and value to money device with tons of built-in Ai features.,4.7,Ratings 20,https://www.daraz.pk/products/tecno-camon-50-pro-8gb256gb-i1949447782.html
Tecno Camon 50 PRO 8GB/256GB,Very good mobile with good design. i am alreay using tecno camon 40 pro and it is very good. In pakistan Tecno mobiles are performing very good that's why tecno mobiles demand are high. Good mobile recommended,4.7,Ratings 20,https://www.daraz.pk/products/tecno-camon-50-pro-8gb256gb-i1949447782.html
Tecno Camon 50 PRO 8GB/256GB,"For photography, social media, daily use, and battery life, the Tecno Camon 50 Pro looks like a good mid-range phone and is generally worth considering if the Daraz seller is reputable and offers warranty support. Some users of previous Camon models reported software bugs and update issues, though experiences vary Mobile Phones Smartphones Android Phones Tecno Phones0",4.7,Ratings 20,https://www.daraz.pk/products/tecno-camon-50-pro-8gb256gb-i1949447782.html
Tecno Camon 50 PRO 8GB/256GB,The chipset could have been better. Otherwise it's a really good and value to money device with tons of built-in Ai features.0,4.7,Ratings 20,https://www.daraz.pk/products/tecno-camon-50-pro-8gb256gb-i1949447782.html
Tecno Camon 50 PRO 8GB/256GB,Very good mobile with good design. i am alreay using tecno camon 40 pro and it is very good. In pakistan Tecno mobiles are performing very good that's why tecno mobiles demand are high. Good mobile recommended0,4.7,Ratings 20,https://www.daraz.pk/products/tecno-camon-50-pro-8gb256gb-i1949447782.html
Samsung Galaxy S26 Ultra - 256 GB,4.5/513 Ratings102001,4.5,Ratings 13,https://www.daraz.pk/products/samsung-galaxy-ultra-256-gb-i1947937840.html
Samsung Galaxy S26 Ultra - 256 GB,"Received the product timely as promised in an average packaging, should be more aesthetic if they follow the Samsung official packaging in a perfect box. Certainly its original and from official store at a discounted price along with Samsung Buds Fe 3, which was received in the same package. Additionally I also received GiftKarte universal voucher of rupees 30000 after submitting a form through Samsung Members app. I would definitely recommend it to all users that prefer to have Samsung device should buy from this platform, and avail the additional discounts and gifts whenever possible. Overall the product rating would be 5/5. The packaging needs to be improved for similar devices and they prefer to adopt the box design and got 3/5. Gifts and discounts as additional items was a plus so they got 5/5. Content: 4/5 Subcategory: 4/5 Depth: 4/5",4.5,Ratings 13,https://www.daraz.pk/products/samsung-galaxy-ultra-256-gb-i1947937840.html
Samsung Galaxy S26 Ultra - 256 GB,Best quality Best product Same as displayed Worth buying,4.5,Ratings 13,https://www.daraz.pk/products/samsung-galaxy-ultra-256-gb-i1947937840.html
Samsung Galaxy S26 Ultra - 256 GB,Received my S26 Ultra 4 days ago and I verified that ot is original statement approved Samsung S26 Ultra. Now looking forward to redeem Tab A11 once it appears in Samsung Members app!! Note: Today ( April 16th ) I received my Tab A11 as well.,4.5,Ratings 13,https://www.daraz.pk/products/samsung-galaxy-ultra-256-gb-i1947937840.html
Samsung Galaxy S26 Ultra - 256 GB,"Received the product timely as promised in an average packaging, should be more aesthetic if they follow the Samsung official packaging in a perfect box. Certainly its original and from official store at a discounted price along with Samsung Buds Fe 3, which was received in the same package. Additionally I also received GiftKarte universal voucher of rupees 30000 after submitting a form through Samsung Members app. I would definitely recommend it to all users that prefer to have Samsung device should buy from this platform, and avail the additional discounts and gifts whenever possible. Overall the product rating would be 5/5. The packaging needs to be improved for similar devices and they prefer to adopt the box design and got 3/5. Gifts and discounts as additional items was a plus so they got 5/5. Content: 4/5 Subcategory: 4/5 Depth: 4/50",4.5,Ratings 13,https://www.daraz.pk/products/samsung-galaxy-ultra-256-gb-i1947937840.html
Samsung Galaxy S26 Ultra - 256 GB,Best quality Best product Same as displayed Worth buying0,4.5,Ratings 13,https://www.daraz.pk/products/samsung-galaxy-ultra-256-gb-i1947937840.html
Samsung Galaxy S26 Ultra - 256 GB,Received my S26 Ultra 4 days ago and I verified that ot is original statement approved Samsung S26 Ultra. Now looking forward to redeem Tab A11 once it appears in Samsung Members app!! Note: Today ( April 16th ) I received my Tab A11 as well.0,4.5,Ratings 13,https://www.daraz.pk/products/samsung-galaxy-ultra-256-gb-i1947937840.html
Tecno Camon 50 8GB + 256GB,4.2/520 Ratings151004,4.2,Ratings 20,https://www.daraz.pk/products/tecno-camon-50-8gb-256gb-i1951494214.html
Tecno Camon 50 8GB + 256GB,"Excellent phone! It runs smoothly and looks great. It arrived safely, but the delivery service was frustrating. The online tracking didn't update the status of the package, leaving me in the dark about my package's location.",4.2,Ratings 20,https://www.daraz.pk/products/tecno-camon-50-8gb-256gb-i1951494214.html
Tecno Camon 50 8GB + 256GB,"awesome, I love this, received 2 days late then tentative timeline but its ok, thanks Daraz and TECNO",4.2,Ratings 20,https://www.daraz.pk/products/tecno-camon-50-8gb-256gb-i1951494214.html
Tecno Camon 50 8GB + 256GB,i think i order cammon 50 pro but received cammon 50 but its okay packaging all okay thank you,4.2,Ratings 20,https://www.daraz.pk/products/tecno-camon-50-8gb-256gb-i1951494214.html
Tecno Camon 50 8GB + 256GB,"Excellent phone! It runs smoothly and looks great. It arrived safely, but the delivery service was frustrating. The online tracking didn't update the status of the package, leaving me in the dark about my package's location.0",4.2,Ratings 20,https://www.daraz.pk/products/tecno-camon-50-8gb-256gb-i1951494214.html
Tecno Camon 50 8GB + 256GB,"awesome, I love this, received 2 days late then tentative timeline but its ok, thanks Daraz and TECNO0",4.2,Ratings 20,https://www.daraz.pk/products/tecno-camon-50-8gb-256gb-i1951494214.html
Tecno Camon 50 8GB + 256GB,i think i order cammon 50 pro but received cammon 50 but its okay packaging all okay thank you0,4.2,Ratings 20,https://www.daraz.pk/products/tecno-camon-50-8gb-256gb-i1951494214.html
Oppo A6K 6GB + 128GB,5.0/51 Ratings10000,5.0,Ratings 1,https://www.daraz.pk/products/oppo-a6k-6gb-128gb-i1950579989.html
Oppo A6K 6GB + 128GB,Content:100 Subcategory:100 Depth:100 kamal hai,5.0,Ratings 1,https://www.daraz.pk/products/oppo-a6k-6gb-128gb-i1950579989.html
Oppo A6K 6GB + 128GB,Content:100 Subcategory:100 Depth:100 kamal hai0,5.0,Ratings 1,https://www.daraz.pk/products/oppo-a6k-6gb-128gb-i1950579989.html
