Product_Name,Review_Text
"🔥 TWS Wireless Earbuds with LED Display – ENC Noise Cancellation, HiFi Stereo, Bluetooth 5.3 Ear Buds |  woth Mic",4.7/553 Ratings461212
"🔥 TWS Wireless Earbuds with LED Display – ENC Noise Cancellation, HiFi Stereo, Bluetooth 5.3 Ear Buds |  woth Mic",Mashallah ❤️ VIP product hai jo chij maine mangvaee hai vahi hai aur acchi quality hai ❤️ thanks 😊 ek baat aur ISI Tarah Apne acchi chij di to hamara etbar ap per bahut jyada ho jaega pir hum daraz sy hi shopping Kiya karenge okay
"🔥 TWS Wireless Earbuds with LED Display – ENC Noise Cancellation, HiFi Stereo, Bluetooth 5.3 Ear Buds |  woth Mic",Excellent product. using it. high quality Sound Quality:excellent Battery Life:good Comfort:excellent
"🔥 TWS Wireless Earbuds with LED Display – ENC Noise Cancellation, HiFi Stereo, Bluetooth 5.3 Ear Buds |  woth Mic",Sound Quality:very good Battery Life:out standing Comfort:good I am using for one week it's good and battery life is also good.. type c cable for charge.. seller is very cooperative and he send me original product
"🔥 TWS Wireless Earbuds with LED Display – ENC Noise Cancellation, HiFi Stereo, Bluetooth 5.3 Ear Buds |  woth Mic",Mashallah ❤️ VIP product hai jo chij maine mangvaee hai vahi hai aur acchi quality hai ❤️ thanks 😊 ek baat aur ISI Tarah Apne acchi chij di to hamara etbar ap per bahut jyada ho jaega pir hum daraz sy hi shopping Kiya karenge okay0
"🔥 TWS Wireless Earbuds with LED Display – ENC Noise Cancellation, HiFi Stereo, Bluetooth 5.3 Ear Buds |  woth Mic",Excellent product. using it. high quality Sound Quality:excellent Battery Life:good Comfort:excellent0
"🔥 TWS Wireless Earbuds with LED Display – ENC Noise Cancellation, HiFi Stereo, Bluetooth 5.3 Ear Buds |  woth Mic",Sound Quality:very good Battery Life:out standing Comfort:good I am using for one week it's good and battery life is also good.. type c cable for charge.. seller is very cooperative and he send me original product0
"Lanteso True Wireless Earbuds, Bluetooth Earbuds with Mics Clear Call Touch Control Bluetooth Headphones with Bass Sound in Ear Earphones for Music,Home Office",4.4/5179 Ratings14524420
"Lanteso True Wireless Earbuds, Bluetooth Earbuds with Mics Clear Call Touch Control Bluetooth Headphones with Bass Sound in Ear Earphones for Music,Home Office",sir ek chal hi nahin Rahi iski to aapane yah bhi kharab bheji hai do order ki thi donon hi Maine do order ki Thi ek aur ek mehrun ki thi aapane yah galat Bheja hai aur ek to aapane bheji Nahin is Tarah ki vah to change kar di very very bad sailor
"Lanteso True Wireless Earbuds, Bluetooth Earbuds with Mics Clear Call Touch Control Bluetooth Headphones with Bass Sound in Ear Earphones for Music,Home Office",bhai Maine Jo ek aapane aur bhej di ek aur bhej di Maine Jo order ki hai vah Nahin Mile mujhe Sound Quality:10..0 Battery Life:10..0 Comfort:10..0
"Lanteso True Wireless Earbuds, Bluetooth Earbuds with Mics Clear Call Touch Control Bluetooth Headphones with Bass Sound in Ear Earphones for Music,Home Office","Sound Quality:4 out of 5 Battery Life:4.5 out 5 Comfort:4.5 out of 5 in this amount, it's a good deal"
"Lanteso True Wireless Earbuds, Bluetooth Earbuds with Mics Clear Call Touch Control Bluetooth Headphones with Bass Sound in Ear Earphones for Music,Home Office",sir ek chal hi nahin Rahi iski to aapane yah bhi kharab bheji hai do order ki thi donon hi Maine do order ki Thi ek aur ek mehrun ki thi aapane yah galat Bheja hai aur ek to aapane bheji Nahin is Tarah ki vah to change kar di very very bad sailor0
"Lanteso True Wireless Earbuds, Bluetooth Earbuds with Mics Clear Call Touch Control Bluetooth Headphones with Bass Sound in Ear Earphones for Music,Home Office",bhai Maine Jo ek aapane aur bhej di ek aur bhej di Maine Jo order ki hai vah Nahin Mile mujhe Sound Quality:10..0 Battery Life:10..0 Comfort:10..00
"Lanteso True Wireless Earbuds, Bluetooth Earbuds with Mics Clear Call Touch Control Bluetooth Headphones with Bass Sound in Ear Earphones for Music,Home Office","Sound Quality:4 out of 5 Battery Life:4.5 out 5 Comfort:4.5 out of 5 in this amount, it's a good deal0"
"Smart TWS Airbuds – Bluetooth 5.0 Wireless Earphones with AI Voice Translator, Touch Control, Charging Box",4.6/585 Ratings714225
"Smart TWS Airbuds – Bluetooth 5.0 Wireless Earphones with AI Voice Translator, Touch Control, Charging Box",Battery Life:Good 😊 Sound Quality:Bas Ok hai Comfort:normal
"Smart TWS Airbuds – Bluetooth 5.0 Wireless Earphones with AI Voice Translator, Touch Control, Charging Box",it's not working properly light is blink after opening it
"Smart TWS Airbuds – Bluetooth 5.0 Wireless Earphones with AI Voice Translator, Touch Control, Charging Box","omg the quality is very amazing I am very happy to receive the parcel because the earbuds are very amazing I suggest you to order this earbuds Sound Quality:excellent Battery Life:good Comfort:💯 very nice product highly recommend ,battery life ,voice ,everything is too good"
"Smart TWS Airbuds – Bluetooth 5.0 Wireless Earphones with AI Voice Translator, Touch Control, Charging Box",Battery Life:Good 😊 Sound Quality:Bas Ok hai Comfort:normal0
"Smart TWS Airbuds – Bluetooth 5.0 Wireless Earphones with AI Voice Translator, Touch Control, Charging Box",it's not working properly light is blink after opening it0
"Smart TWS Airbuds – Bluetooth 5.0 Wireless Earphones with AI Voice Translator, Touch Control, Charging Box","omg the quality is very amazing I am very happy to receive the parcel because the earbuds are very amazing I suggest you to order this earbuds Sound Quality:excellent Battery Life:good Comfort:💯 very nice product highly recommend ,battery life ,voice ,everything is too good0"
"Air-podTWS 12 black Mini Bluetooth Wireless Headset_(True Wireless Stereo) Bluetooth Earbuds Bluetooth Handsfree  Dual Sound Bass, Charging Case and Extra Ear-Buds, Pop-Up Feature Compatible with All Devices",4.6/5570 Ratings49112161236
"Air-podTWS 12 black Mini Bluetooth Wireless Headset_(True Wireless Stereo) Bluetooth Earbuds Bluetooth Handsfree  Dual Sound Bass, Charging Case and Extra Ear-Buds, Pop-Up Feature Compatible with All Devices",ad Main tws pods Jo dikhaye thy Woh mujhy delivered ni Liye gye really disappointed 😞☹️ battery timing b bahut Kam ha 30 mnt or koi screen b ni jis sy PATA chaly k charge Kitna hua ha or sound and mic quality b bahut weak ha
"Air-podTWS 12 black Mini Bluetooth Wireless Headset_(True Wireless Stereo) Bluetooth Earbuds Bluetooth Handsfree  Dual Sound Bass, Charging Case and Extra Ear-Buds, Pop-Up Feature Compatible with All Devices",Sound Quality:buht achi ha Microphone Quality:buht alla ha Comfort:tek ha
"Air-podTWS 12 black Mini Bluetooth Wireless Headset_(True Wireless Stereo) Bluetooth Earbuds Bluetooth Handsfree  Dual Sound Bass, Charging Case and Extra Ear-Buds, Pop-Up Feature Compatible with All Devices","Sound Quality:zbrdast Durability:4,6 hrs Versatility:level up"
"Air-podTWS 12 black Mini Bluetooth Wireless Headset_(True Wireless Stereo) Bluetooth Earbuds Bluetooth Handsfree  Dual Sound Bass, Charging Case and Extra Ear-Buds, Pop-Up Feature Compatible with All Devices",ad Main tws pods Jo dikhaye thy Woh mujhy delivered ni Liye gye really disappointed 😞☹️ battery timing b bahut Kam ha 30 mnt or koi screen b ni jis sy PATA chaly k charge Kitna hua ha or sound and mic quality b bahut weak ha0
"Air-podTWS 12 black Mini Bluetooth Wireless Headset_(True Wireless Stereo) Bluetooth Earbuds Bluetooth Handsfree  Dual Sound Bass, Charging Case and Extra Ear-Buds, Pop-Up Feature Compatible with All Devices",Sound Quality:buht achi ha Microphone Quality:buht alla ha Comfort:tek ha0
"Air-podTWS 12 black Mini Bluetooth Wireless Headset_(True Wireless Stereo) Bluetooth Earbuds Bluetooth Handsfree  Dual Sound Bass, Charging Case and Extra Ear-Buds, Pop-Up Feature Compatible with All Devices","Sound Quality:zbrdast Durability:4,6 hrs Versatility:level up0"
Original M10 & M90 TWS  EIR PODS Wireless Earphones Touch Control 5.1 with power bank charger Headset Waterproof 9D Hifi Quality Earbuds 2000mAh Stereo Sports Headphones With Microphone,4.1/5132 Ratings8998619
Original M10 & M90 TWS  EIR PODS Wireless Earphones Touch Control 5.1 with power bank charger Headset Waterproof 9D Hifi Quality Earbuds 2000mAh Stereo Sports Headphones With Microphone,Totally Satisfied with the Quality of i12product in this price range. Good Sound quality. Good battery time. Honest Seller. Recommended. Thanks!..daraaz I am happy 😁😊😁😁😁😁😁😁😁😁😁😁 good product 💯❤️❤️❤️ inshallah ❤️ following daraz ❤️😍😍😍❤️❤️❤️❤️❤️❤️❤️❤️.................................................................The Product Was Really Good And Fantastic Music Was Too goood And finishing of this product is Extreme Touch Sensors Are Fully Worked Built Quality was Amazing Trusted Store 💯..
Original M10 & M90 TWS  EIR PODS Wireless Earphones Touch Control 5.1 with power bank charger Headset Waterproof 9D Hifi Quality Earbuds 2000mAh Stereo Sports Headphones With Microphone,Sound Quality:bhttt zabr10 quality h sound BH kafi Acha h airpods Ka bs box NH Diya sth me Baki airpods bhtt hi ache thy.. 😊
Original M10 & M90 TWS  EIR PODS Wireless Earphones Touch Control 5.1 with power bank charger Headset Waterproof 9D Hifi Quality Earbuds 2000mAh Stereo Sports Headphones With Microphone,"Sound Quality:10/10. The sound is so good and the bass is also very good. Battery Life:10/10 I charge it one time and it goes for a long time Comfort:Also 10/10 the fitting is really great i use them while going for a run and they fit perfectly although i have a slight problem is that while i am using some application the voice is delayed byt mistly it works good. I AM COMPLETELY SATISFIED WITH THIS PRODUCT THANK YOU DARAZ,THANK YOU SELLER🤍"
Original M10 & M90 TWS  EIR PODS Wireless Earphones Touch Control 5.1 with power bank charger Headset Waterproof 9D Hifi Quality Earbuds 2000mAh Stereo Sports Headphones With Microphone,Totally Satisfied with the Quality of i12product in this price range. Good Sound quality. Good battery time. Honest Seller. Recommended. Thanks!..daraaz I am happy 😁😊😁😁😁😁😁😁😁😁😁😁 good product 💯❤️❤️❤️ inshallah ❤️ following daraz ❤️😍😍😍❤️❤️❤️❤️❤️❤️❤️❤️.................................................................The Product Was Really Good And Fantastic Music Was Too goood And finishing of this product is Extreme Touch Sensors Are Fully Worked Built Quality was Amazing Trusted Store 💯..0
Original M10 & M90 TWS  EIR PODS Wireless Earphones Touch Control 5.1 with power bank charger Headset Waterproof 9D Hifi Quality Earbuds 2000mAh Stereo Sports Headphones With Microphone,Sound Quality:bhttt zabr10 quality h sound BH kafi Acha h airpods Ka bs box NH Diya sth me Baki airpods bhtt hi ache thy.. 😊0
Original M10 & M90 TWS  EIR PODS Wireless Earphones Touch Control 5.1 with power bank charger Headset Waterproof 9D Hifi Quality Earbuds 2000mAh Stereo Sports Headphones With Microphone,"Sound Quality:10/10. The sound is so good and the bass is also very good. Battery Life:10/10 I charge it one time and it goes for a long time Comfort:Also 10/10 the fitting is really great i use them while going for a run and they fit perfectly although i have a slight problem is that while i am using some application the voice is delayed byt mistly it works good. I AM COMPLETELY SATISFIED WITH THIS PRODUCT THANK YOU DARAZ,THANK YOU SELLER🤍0"
Wireless Earbuds Headphones Bluetooth Earpods Sports Stereo Airbuds Noise Canceling Headphone Microphone Speaker with LED light headphones,4.5/5118 Ratings984619
Wireless Earbuds Headphones Bluetooth Earpods Sports Stereo Airbuds Noise Canceling Headphone Microphone Speaker with LED light headphones,Sound Quality:very good Battery Life:3 to 4 hours Comfort:comfortable I'm happy to buy this product I'm satisfied with airpods thanks daraz seller and rider 😍 ❤️ thank you seller itny reasonable price main itni achi cheez dene k liye 💗
Wireless Earbuds Headphones Bluetooth Earpods Sports Stereo Airbuds Noise Canceling Headphone Microphone Speaker with LED light headphones,Sound Quality:bhoot achi ha Battery Life:battery trimming bhoot achi ha Comfort:use ma bhee khobsorat lagta hain or acha hain
Wireless Earbuds Headphones Bluetooth Earpods Sports Stereo Airbuds Noise Canceling Headphone Microphone Speaker with LED light headphones,Sound Quality:good Battery Life:it's good compared to other earbuds I've ordered before Comfort:9/10 Got without packaging and charger
Wireless Earbuds Headphones Bluetooth Earpods Sports Stereo Airbuds Noise Canceling Headphone Microphone Speaker with LED light headphones,Sound Quality:very good Battery Life:3 to 4 hours Comfort:comfortable I'm happy to buy this product I'm satisfied with airpods thanks daraz seller and rider 😍 ❤️ thank you seller itny reasonable price main itni achi cheez dene k liye 💗0
Wireless Earbuds Headphones Bluetooth Earpods Sports Stereo Airbuds Noise Canceling Headphone Microphone Speaker with LED light headphones,Sound Quality:bhoot achi ha Battery Life:battery trimming bhoot achi ha Comfort:use ma bhee khobsorat lagta hain or acha hain0
Wireless Earbuds Headphones Bluetooth Earpods Sports Stereo Airbuds Noise Canceling Headphone Microphone Speaker with LED light headphones,Sound Quality:good Battery Life:it's good compared to other earbuds I've ordered before Comfort:9/10 Got without packaging and charger0
"M04 Stereo Earbuds TWS Wireless Earbuds with LED Display – ENC Noise Cancellation, HiFi Stereo, Bluetooth 5.3 – Available in Black & White",4.5/5274 Ratings22858822
"M04 Stereo Earbuds TWS Wireless Earbuds with LED Display – ENC Noise Cancellation, HiFi Stereo, Bluetooth 5.3 – Available in Black & White",I'm very disappointed with seller because blue K rate me unhone black bhejdiye or charging cable bhi Nahi di h pata hota black bhejengy to me payment b black ki hi karti not same as shown dusri bar esa hua h ab to daraz se hi Dil kharab hogya h
"M04 Stereo Earbuds TWS Wireless Earbuds with LED Display – ENC Noise Cancellation, HiFi Stereo, Bluetooth 5.3 – Available in Black & White",Sound Quality:💯 Battery Life:💯 Comfort:💯 💯 recommended boht Acha product ha. must purchase kren please very good seller I give 10/10
"M04 Stereo Earbuds TWS Wireless Earbuds with LED Display – ENC Noise Cancellation, HiFi Stereo, Bluetooth 5.3 – Available in Black & White",Bhai yrr Mera opinion ye h k is ki sond quality bohat zyada ghatya h me TikTok dekh rha tha k is me itni DER baad awaz ati h vese 1000 ki range me to theek thaak hi he zyada achhi b NHI h aur ye use hui thi
"M04 Stereo Earbuds TWS Wireless Earbuds with LED Display – ENC Noise Cancellation, HiFi Stereo, Bluetooth 5.3 – Available in Black & White",I'm very disappointed with seller because blue K rate me unhone black bhejdiye or charging cable bhi Nahi di h pata hota black bhejengy to me payment b black ki hi karti not same as shown dusri bar esa hua h ab to daraz se hi Dil kharab hogya h0
"M04 Stereo Earbuds TWS Wireless Earbuds with LED Display – ENC Noise Cancellation, HiFi Stereo, Bluetooth 5.3 – Available in Black & White",Sound Quality:💯 Battery Life:💯 Comfort:💯 💯 recommended boht Acha product ha. must purchase kren please very good seller I give 10/100
"M04 Stereo Earbuds TWS Wireless Earbuds with LED Display – ENC Noise Cancellation, HiFi Stereo, Bluetooth 5.3 – Available in Black & White",Bhai yrr Mera opinion ye h k is ki sond quality bohat zyada ghatya h me TikTok dekh rha tha k is me itni DER baad awaz ati h vese 1000 ki range me to theek thaak hi he zyada achhi b NHI h aur ye use hui thi0
Universal Blutooth Handfree Wireless Bluetooth Headset Good Quality Bluetooth Handsfree Earphone,4.6/555 Ratings471204
Universal Blutooth Handfree Wireless Bluetooth Headset Good Quality Bluetooth Handsfree Earphone,Comfort:Very comfortable ❤️👍👌💯 Sound Quality:Excellent 💯👌👍 Noise Cancellation:Excellent 💯👌👍 ⭐⭐⭐⭐⭐ LED display is very useful and easy to read. Battery status is always visible. ⭐⭐⭐⭐⭐ Excellent neckband with a clear LED display. Sound quality and battery backup are impressive. ⭐⭐⭐⭐⭐ The LED display makes it easy to check the battery level. Great sound and comfortable to wear. ⭐⭐⭐⭐⭐ Nice product with a bright LED display. Worth buying for music and daily use.
Universal Blutooth Handfree Wireless Bluetooth Headset Good Quality Bluetooth Handsfree Earphone,satisfied with this one best product with cheep price.i ll post on my WhatsApp. Good Keep it Up Sound Quality:10/10 Battery Life:6hour Comfort:10/10
Universal Blutooth Handfree Wireless Bluetooth Headset Good Quality Bluetooth Handsfree Earphone,boht achi ha ❤️❤️❤️❤️❤️❤️❤️❤️❤️❤️❤️❤️❤️❤️❤️❤️❤️❤️is ki bettriy timing hi kui ni karb nikli charge pay lago TU 100 AK scand ma open karo TU sahat hi low
Universal Blutooth Handfree Wireless Bluetooth Headset Good Quality Bluetooth Handsfree Earphone,Comfort:Very comfortable ❤️👍👌💯 Sound Quality:Excellent 💯👌👍 Noise Cancellation:Excellent 💯👌👍 ⭐⭐⭐⭐⭐ LED display is very useful and easy to read. Battery status is always visible. ⭐⭐⭐⭐⭐ Excellent neckband with a clear LED display. Sound quality and battery backup are impressive. ⭐⭐⭐⭐⭐ The LED display makes it easy to check the battery level. Great sound and comfortable to wear. ⭐⭐⭐⭐⭐ Nice product with a bright LED display. Worth buying for music and daily use.0
Universal Blutooth Handfree Wireless Bluetooth Headset Good Quality Bluetooth Handsfree Earphone,satisfied with this one best product with cheep price.i ll post on my WhatsApp. Good Keep it Up Sound Quality:10/10 Battery Life:6hour Comfort:10/100
Universal Blutooth Handfree Wireless Bluetooth Headset Good Quality Bluetooth Handsfree Earphone,boht achi ha ❤️❤️❤️❤️❤️❤️❤️❤️❤️❤️❤️❤️❤️❤️❤️❤️❤️❤️is ki bettriy timing hi kui ni karb nikli charge pay lago TU 100 AK scand ma open karo TU sahat hi low0
Air 31 Ear pod dual 5.2 Earbuds handfree bluetooth Wireless Earbuds Headphones I 7 Mini Bluetooth Headset Earbud single Wireless Earphone With Mic Stereo For all phones,4.4/56223 Ratings4774332254176661
Air 31 Ear pod dual 5.2 Earbuds handfree bluetooth Wireless Earbuds Headphones I 7 Mini Bluetooth Headset Earbud single Wireless Earphone With Mic Stereo For all phones,km price me bohot acha product he I like it 😍
Air 31 Ear pod dual 5.2 Earbuds handfree bluetooth Wireless Earbuds Headphones I 7 Mini Bluetooth Headset Earbud single Wireless Earphone With Mic Stereo For all phones,Battery Life:good Sound Quality:good Comfort:good bhut jaldi Parsal ayia ha packing to achi thi dillvery time par ho gyi thi kam price me bhut acha products h thanks Daraz
Air 31 Ear pod dual 5.2 Earbuds handfree bluetooth Wireless Earbuds Headphones I 7 Mini Bluetooth Headset Earbud single Wireless Earphone With Mic Stereo For all phones,Sound Quality:1000 Battery Life:100 Comfort:100 bohat khubsurat h ye itni kaam price m Kamal h Left Right ki Allah Sy battery h
Air 31 Ear pod dual 5.2 Earbuds handfree bluetooth Wireless Earbuds Headphones I 7 Mini Bluetooth Headset Earbud single Wireless Earphone With Mic Stereo For all phones,km price me bohot acha product he I like it 😍0
Air 31 Ear pod dual 5.2 Earbuds handfree bluetooth Wireless Earbuds Headphones I 7 Mini Bluetooth Headset Earbud single Wireless Earphone With Mic Stereo For all phones,Battery Life:good Sound Quality:good Comfort:good bhut jaldi Parsal ayia ha packing to achi thi dillvery time par ho gyi thi kam price me bhut acha products h thanks Daraz0
Air 31 Ear pod dual 5.2 Earbuds handfree bluetooth Wireless Earbuds Headphones I 7 Mini Bluetooth Headset Earbud single Wireless Earphone With Mic Stereo For all phones,Sound Quality:1000 Battery Life:100 Comfort:100 bohat khubsurat h ye itni kaam price m Kamal h Left Right ki Allah Sy battery h0
Wireless Earbuds Headphones Bluetooth Earpods Sports Stereo Airbuds Noise Canceling Headphone Microphone Speaker with LED light headphones,4.6/5304 Ratings26856420
Wireless Earbuds Headphones Bluetooth Earpods Sports Stereo Airbuds Noise Canceling Headphone Microphone Speaker with LED light headphones,Maine black order kiya tha aapane word bhej diya yah to Koi masla Nahin per iska charging check kharab hai charge Nahin ho raha hai yah kharab hai 🤔🤔😡😡 ek to yah 10 din ke andar pahunch gaya slow . mujhe wapas Paisa chahie ya kharab hai aapko video bhi dikhaya
Wireless Earbuds Headphones Bluetooth Earpods Sports Stereo Airbuds Noise Canceling Headphone Microphone Speaker with LED light headphones,old sell but show new useable products sell it's bad for daraz
Wireless Earbuds Headphones Bluetooth Earpods Sports Stereo Airbuds Noise Canceling Headphone Microphone Speaker with LED light headphones,Sound Quality:Good Battery Life:Sahi hai not bad but not good Comfort:if you got piercings to ye bohot comfortable hai for pierced ear wasn't same as shown but satisfied
Wireless Earbuds Headphones Bluetooth Earpods Sports Stereo Airbuds Noise Canceling Headphone Microphone Speaker with LED light headphones,Maine black order kiya tha aapane word bhej diya yah to Koi masla Nahin per iska charging check kharab hai charge Nahin ho raha hai yah kharab hai 🤔🤔😡😡 ek to yah 10 din ke andar pahunch gaya slow . mujhe wapas Paisa chahie ya kharab hai aapko video bhi dikhaya0
Wireless Earbuds Headphones Bluetooth Earpods Sports Stereo Airbuds Noise Canceling Headphone Microphone Speaker with LED light headphones,old sell but show new useable products sell it's bad for daraz0
Wireless Earbuds Headphones Bluetooth Earpods Sports Stereo Airbuds Noise Canceling Headphone Microphone Speaker with LED light headphones,Sound Quality:Good Battery Life:Sahi hai not bad but not good Comfort:if you got piercings to ye bohot comfortable hai for pierced ear wasn't same as shown but satisfied0
"Air buds/ Bluetooth Earphones Headphones Outdoor Sports Earbuds Air-Pod Pro 2nd Generation - Wireless Earbuds, Air Pro ANC cancelltaion",4.6/585 Ratings715225
"Air buds/ Bluetooth Earphones Headphones Outdoor Sports Earbuds Air-Pod Pro 2nd Generation - Wireless Earbuds, Air Pro ANC cancelltaion",Sound Quality:achi h Kafi Battery Life:3 hours h backup bhot ziada nh h guzara h bs Comfort:comfortable h smooth h data cable nh h delivery Kafi fast thi sab Kuch acha h bs bettery timing 5 hours tou hone chahiye thy but phr b is price m bahtreen h
"Air buds/ Bluetooth Earphones Headphones Outdoor Sports Earbuds Air-Pod Pro 2nd Generation - Wireless Earbuds, Air Pro ANC cancelltaion",Sound Quality:excellent Battery Life:amazing Comfort:very comfortable and reliable
"Air buds/ Bluetooth Earphones Headphones Outdoor Sports Earbuds Air-Pod Pro 2nd Generation - Wireless Earbuds, Air Pro ANC cancelltaion",Sound Quality:buhat acha hai sound Battery Life:mene kal ka kiya hai abhi bhi 63 baqi hai Comfort:achi quality hai
"Air buds/ Bluetooth Earphones Headphones Outdoor Sports Earbuds Air-Pod Pro 2nd Generation - Wireless Earbuds, Air Pro ANC cancelltaion",Sound Quality:achi h Kafi Battery Life:3 hours h backup bhot ziada nh h guzara h bs Comfort:comfortable h smooth h data cable nh h delivery Kafi fast thi sab Kuch acha h bs bettery timing 5 hours tou hone chahiye thy but phr b is price m bahtreen h0
"Air buds/ Bluetooth Earphones Headphones Outdoor Sports Earbuds Air-Pod Pro 2nd Generation - Wireless Earbuds, Air Pro ANC cancelltaion",Sound Quality:excellent Battery Life:amazing Comfort:very comfortable and reliable0
"Air buds/ Bluetooth Earphones Headphones Outdoor Sports Earbuds Air-Pod Pro 2nd Generation - Wireless Earbuds, Air Pro ANC cancelltaion",Sound Quality:buhat acha hai sound Battery Life:mene kal ka kiya hai abhi bhi 63 baqi hai Comfort:achi quality hai0
"Wireless Earbuds, Bluetooth Earbuds, TWS, Noise Cancelling, Touch Control, HD Sound, Gaming, Type-C Charging, All Smart Phones Compatible.",4.5/583 Ratings673444
"Wireless Earbuds, Bluetooth Earbuds, TWS, Noise Cancelling, Touch Control, HD Sound, Gaming, Type-C Charging, All Smart Phones Compatible.",Sound Quality:10/10 Battery Life:10/10 Comfort:too Good mujhy bhttt achi lagi inki packing or earbuds bhi is price m best product h 😍highly recommended thank you seller and Daraz
"Wireless Earbuds, Bluetooth Earbuds, TWS, Noise Cancelling, Touch Control, HD Sound, Gaming, Type-C Charging, All Smart Phones Compatible.","Arrived the same day on which I had ordered. They were peexactly wrapped in multiple layers to ensure they did jot get damaged. Got the item as exactly described by the seller. Switching them on, interfacing them with my mobile was seamless. The case also charges them and displays the level of charging. The lights on the buds turn off when they are fully charged. The sound was perfect and so was the mic. Will iA update in detail on their battery timings after a week. for now, I recommend it"
"Wireless Earbuds, Bluetooth Earbuds, TWS, Noise Cancelling, Touch Control, HD Sound, Gaming, Type-C Charging, All Smart Phones Compatible.",this is too good in this price range highly recommend saller bhoot acha h or delivery bi time pr hui NYC Comfort:10 % Sound Quality:is good battery timings bi thek h Noise Isolation:all good
"Wireless Earbuds, Bluetooth Earbuds, TWS, Noise Cancelling, Touch Control, HD Sound, Gaming, Type-C Charging, All Smart Phones Compatible.",Sound Quality:10/10 Battery Life:10/10 Comfort:too Good mujhy bhttt achi lagi inki packing or earbuds bhi is price m best product h 😍highly recommended thank you seller and Daraz0
"Wireless Earbuds, Bluetooth Earbuds, TWS, Noise Cancelling, Touch Control, HD Sound, Gaming, Type-C Charging, All Smart Phones Compatible.","Arrived the same day on which I had ordered. They were peexactly wrapped in multiple layers to ensure they did jot get damaged. Got the item as exactly described by the seller. Switching them on, interfacing them with my mobile was seamless. The case also charges them and displays the level of charging. The lights on the buds turn off when they are fully charged. The sound was perfect and so was the mic. Will iA update in detail on their battery timings after a week. for now, I recommend it0"
"Wireless Earbuds, Bluetooth Earbuds, TWS, Noise Cancelling, Touch Control, HD Sound, Gaming, Type-C Charging, All Smart Phones Compatible.",this is too good in this price range highly recommend saller bhoot acha h or delivery bi time pr hui NYC Comfort:10 % Sound Quality:is good battery timings bi thek h Noise Isolation:all good0
"895B M04 Wireless Earhook Bluetooth 5.4 Earbuds – M04 Earbuds with HD Sound, Noise Cancelling Mic, Type-C Fast Charging, Long Battery Life, Waterproof Sports & Gaming Headset, Hi-Fi Stereo Bass,Touch Control,Sweatproof Wireless Earphones for Android & iOS",4.7/532 Ratings272111
"895B M04 Wireless Earhook Bluetooth 5.4 Earbuds – M04 Earbuds with HD Sound, Noise Cancelling Mic, Type-C Fast Charging, Long Battery Life, Waterproof Sports & Gaming Headset, Hi-Fi Stereo Bass,Touch Control,Sweatproof Wireless Earphones for Android & iOS",Sound Quality:very good 🥰🥰 Battery Life:bhut acha hai 💯💯💯 Comfort:very comfortable thanks 👍👍👍 asslam alikum everyone meny daraz sa online earbud mangwaiy ma expection itni nhi thi jitna acha saller na Earbuds behja boht behtren chez h Meny 1 hour 30 mint use kiya 30% charge giri behtren chez h ap sab k liya b ya recommend karon ga Thank you saller 🩷
"895B M04 Wireless Earhook Bluetooth 5.4 Earbuds – M04 Earbuds with HD Sound, Noise Cancelling Mic, Type-C Fast Charging, Long Battery Life, Waterproof Sports & Gaming Headset, Hi-Fi Stereo Bass,Touch Control,Sweatproof Wireless Earphones for Android & iOS",Sound Quality:very good Battery Life:Excellent h Comfort:very good Thank u so much Daraz 🧡 main ne 2 din use kia ache tareqe se phir Review dia Sound is good battery 🔋 timing bi bilkul tkh hai am so happy 😊 again thank you so much Daraz 🥰🥰🥰 boht achi quality Mein hai jesi dekho wesi hi Mili hai thanks draz 💕💕 boht achi quality Mein hai jesi dekho wesi hi Mili hai thanks draz 💕💕
"895B M04 Wireless Earhook Bluetooth 5.4 Earbuds – M04 Earbuds with HD Sound, Noise Cancelling Mic, Type-C Fast Charging, Long Battery Life, Waterproof Sports & Gaming Headset, Hi-Fi Stereo Bass,Touch Control,Sweatproof Wireless Earphones for Android & iOS",Sound Quality:perfect Comfort:it's better Battery Life:Bluetooth charging timing is not correct.
"895B M04 Wireless Earhook Bluetooth 5.4 Earbuds – M04 Earbuds with HD Sound, Noise Cancelling Mic, Type-C Fast Charging, Long Battery Life, Waterproof Sports & Gaming Headset, Hi-Fi Stereo Bass,Touch Control,Sweatproof Wireless Earphones for Android & iOS",Sound Quality:very good 🥰🥰 Battery Life:bhut acha hai 💯💯💯 Comfort:very comfortable thanks 👍👍👍 asslam alikum everyone meny daraz sa online earbud mangwaiy ma expection itni nhi thi jitna acha saller na Earbuds behja boht behtren chez h Meny 1 hour 30 mint use kiya 30% charge giri behtren chez h ap sab k liya b ya recommend karon ga Thank you saller 🩷0
"895B M04 Wireless Earhook Bluetooth 5.4 Earbuds – M04 Earbuds with HD Sound, Noise Cancelling Mic, Type-C Fast Charging, Long Battery Life, Waterproof Sports & Gaming Headset, Hi-Fi Stereo Bass,Touch Control,Sweatproof Wireless Earphones for Android & iOS",Sound Quality:very good Battery Life:Excellent h Comfort:very good Thank u so much Daraz 🧡 main ne 2 din use kia ache tareqe se phir Review dia Sound is good battery 🔋 timing bi bilkul tkh hai am so happy 😊 again thank you so much Daraz 🥰🥰🥰 boht achi quality Mein hai jesi dekho wesi hi Mili hai thanks draz 💕💕 boht achi quality Mein hai jesi dekho wesi hi Mili hai thanks draz 💕💕0
"895B M04 Wireless Earhook Bluetooth 5.4 Earbuds – M04 Earbuds with HD Sound, Noise Cancelling Mic, Type-C Fast Charging, Long Battery Life, Waterproof Sports & Gaming Headset, Hi-Fi Stereo Bass,Touch Control,Sweatproof Wireless Earphones for Android & iOS",Sound Quality:perfect Comfort:it's better Battery Life:Bluetooth charging timing is not correct.0
"Airbuds, Earbuds, Wireless Earbuds, Bluetooth Earbuds, TWS Earbuds, Airbuds Bluetooth Earphones, Wireless Earphones, Touch Control, HD Sound, Deep Bass, ENC Noise Cancellation, Gaming Earbuds, LED Display, Long Battery",4.7/586 Ratings762215
"Airbuds, Earbuds, Wireless Earbuds, Bluetooth Earbuds, TWS Earbuds, Airbuds Bluetooth Earphones, Wireless Earphones, Touch Control, HD Sound, Deep Bass, ENC Noise Cancellation, Gaming Earbuds, LED Display, Long Battery",Jo Pics me dekhaya hai wo he send kiya h best Product Sound quality Bhut Achi hai 😍🥰💯👌 Battery Timing is also good 😊💯 thanks Daraz
"Airbuds, Earbuds, Wireless Earbuds, Bluetooth Earbuds, TWS Earbuds, Airbuds Bluetooth Earphones, Wireless Earphones, Touch Control, HD Sound, Deep Bass, ENC Noise Cancellation, Gaming Earbuds, LED Display, Long Battery",I didn't receive what I order 😒. this is not fear bro 😤 I ordered a white one but here come is black ⚫️. and also charge cable not available.
"Airbuds, Earbuds, Wireless Earbuds, Bluetooth Earbuds, TWS Earbuds, Airbuds Bluetooth Earphones, Wireless Earphones, Touch Control, HD Sound, Deep Bass, ENC Noise Cancellation, Gaming Earbuds, LED Display, Long Battery",Sound Quality:average Battery Life:not tested yet Comfort:7 puri chezayn nhi i na cable or na hi rubbers I hn or packing b average thi koi box kch b nhi single item I thi
"Airbuds, Earbuds, Wireless Earbuds, Bluetooth Earbuds, TWS Earbuds, Airbuds Bluetooth Earphones, Wireless Earphones, Touch Control, HD Sound, Deep Bass, ENC Noise Cancellation, Gaming Earbuds, LED Display, Long Battery",Jo Pics me dekhaya hai wo he send kiya h best Product Sound quality Bhut Achi hai 😍🥰💯👌 Battery Timing is also good 😊💯 thanks Daraz0
"Airbuds, Earbuds, Wireless Earbuds, Bluetooth Earbuds, TWS Earbuds, Airbuds Bluetooth Earphones, Wireless Earphones, Touch Control, HD Sound, Deep Bass, ENC Noise Cancellation, Gaming Earbuds, LED Display, Long Battery",I didn't receive what I order 😒. this is not fear bro 😤 I ordered a white one but here come is black ⚫️. and also charge cable not available.0
"Airbuds, Earbuds, Wireless Earbuds, Bluetooth Earbuds, TWS Earbuds, Airbuds Bluetooth Earphones, Wireless Earphones, Touch Control, HD Sound, Deep Bass, ENC Noise Cancellation, Gaming Earbuds, LED Display, Long Battery",Sound Quality:average Battery Life:not tested yet Comfort:7 puri chezayn nhi i na cable or na hi rubbers I hn or packing b average thi koi box kch b nhi single item I thi0
M10 Wireless Bluetooth Earbuds - TWS Earphones with Charging Case,4.2/5878 Ratings609774837105
M10 Wireless Bluetooth Earbuds - TWS Earphones with Charging Case,Sound Quality: good Battery Life:10 hours Comfort:very essy
M10 Wireless Bluetooth Earbuds - TWS Earphones with Charging Case,batri chargnahi ho rahi case ki or ak ak adad aya hay
M10 Wireless Bluetooth Earbuds - TWS Earphones with Charging Case,good 👍
M10 Wireless Bluetooth Earbuds - TWS Earphones with Charging Case,Sound Quality: good Battery Life:10 hours Comfort:very essy0
M10 Wireless Bluetooth Earbuds - TWS Earphones with Charging Case,batri chargnahi ho rahi case ki or ak ak adad aya hay0
M10 Wireless Bluetooth Earbuds - TWS Earphones with Charging Case,good 👍0
"Orignal M19 & M10 & Air31TWS Air pod with Super Sound & High Quality Touch Sensors True Stereo Headphones with Built in Mic 10m Transmission Bluetooth Wireless Earbuds , Charging Case Sport Headset for all Bluetooth Smart devices.",4.3/516 Ratings130003
"Orignal M19 & M10 & Air31TWS Air pod with Super Sound & High Quality Touch Sensors True Stereo Headphones with Built in Mic 10m Transmission Bluetooth Wireless Earbuds , Charging Case Sport Headset for all Bluetooth Smart devices.",Sound Quality:achi hy Battery Life:3/10 Comfort:5/10 third hand han koi bi na ly istamal shuda hy baki apki Marzi aur delivery 10 din bad ai hy seller not recommend
"Orignal M19 & M10 & Air31TWS Air pod with Super Sound & High Quality Touch Sensors True Stereo Headphones with Built in Mic 10m Transmission Bluetooth Wireless Earbuds , Charging Case Sport Headset for all Bluetooth Smart devices.","Sound Quality:4 Battery Life:6 Comfort:7 bht halki quality hy, 3/4 month chal jaey to brhi baat hy. . . scrathes bhi lagy huey hen ,packing 2rupy wali theli men. . used product lg rahi hy. . bht kharab experience raha. . afsos!!"
"Orignal M19 & M10 & Air31TWS Air pod with Super Sound & High Quality Touch Sensors True Stereo Headphones with Built in Mic 10m Transmission Bluetooth Wireless Earbuds , Charging Case Sport Headset for all Bluetooth Smart devices.",mene 2pcs ka order kra th lekin received srf ek hi hoa he bilkul hi bekar seller he
"Orignal M19 & M10 & Air31TWS Air pod with Super Sound & High Quality Touch Sensors True Stereo Headphones with Built in Mic 10m Transmission Bluetooth Wireless Earbuds , Charging Case Sport Headset for all Bluetooth Smart devices.",Sound Quality:achi hy Battery Life:3/10 Comfort:5/10 third hand han koi bi na ly istamal shuda hy baki apki Marzi aur delivery 10 din bad ai hy seller not recommend0
"Orignal M19 & M10 & Air31TWS Air pod with Super Sound & High Quality Touch Sensors True Stereo Headphones with Built in Mic 10m Transmission Bluetooth Wireless Earbuds , Charging Case Sport Headset for all Bluetooth Smart devices.","Sound Quality:4 Battery Life:6 Comfort:7 bht halki quality hy, 3/4 month chal jaey to brhi baat hy. . . scrathes bhi lagy huey hen ,packing 2rupy wali theli men. . used product lg rahi hy. . bht kharab experience raha. . afsos!!0"
"Orignal M19 & M10 & Air31TWS Air pod with Super Sound & High Quality Touch Sensors True Stereo Headphones with Built in Mic 10m Transmission Bluetooth Wireless Earbuds , Charging Case Sport Headset for all Bluetooth Smart devices.",mene 2pcs ka order kra th lekin received srf ek hi hoa he bilkul hi bekar seller he0
"M10 Air Buds - Premium Wireless Earbuds, Air Pro, Air Buds, Earpods with Stereo Sound, IPX5 Waterproof, and Ergonomic Design",4.3/529 Ratings230114
"M10 Air Buds - Premium Wireless Earbuds, Air Pro, Air Buds, Earpods with Stereo Sound, IPX5 Waterproof, and Ergonomic Design","Sound Quality:Very Good 👍😊 Battery Life:Nice 🙂 Comfort:Very Good 👍😊 Very Nice Packing , In Bluetooth Also a Amazing l Light & USB port Mini Charging Bank. ❤️ Sound Quality:✨ Battery Life:👍🏻 Comfort:🔥 Highly Recommend ✅ Thanks To Daraz & Seller."
"M10 Air Buds - Premium Wireless Earbuds, Air Pro, Air Buds, Earpods with Stereo Sound, IPX5 Waterproof, and Ergonomic Design",Jeb main ney ye receive kiye to iss ki battery bilkul low honey ki waja sey ye kaam nhi ker rahey they main confuse ho gya uss k Baad main ney charge ker k daikha to ye sahi kaam kerney lagey price k lehaaz sey ye AK achi product hei Sound Quality:good Battery Life:good Comfort:good
"M10 Air Buds - Premium Wireless Earbuds, Air Pro, Air Buds, Earpods with Stereo Sound, IPX5 Waterproof, and Ergonomic Design","Sound Quality:Very Good 👍😊 Battery Life:Nice 🙂 Comfort:Very Good 👍😊 Very Nice Packing , In Bluetooth Also a Amazing l Light & USB port Mini Charging Bank. ❤️ Sound Quality:✨ Battery Life:👍🏻 Comfort:🔥 Highly Recommend ✅ Thanks To Daraz & Seller.0"
"M10 Air Buds - Premium Wireless Earbuds, Air Pro, Air Buds, Earpods with Stereo Sound, IPX5 Waterproof, and Ergonomic Design",Jeb main ney ye receive kiye to iss ki battery bilkul low honey ki waja sey ye kaam nhi ker rahey they main confuse ho gya uss k Baad main ney charge ker k daikha to ye sahi kaam kerney lagey price k lehaaz sey ye AK achi product hei Sound Quality:good Battery Life:good Comfort:good0
Stereo M04  Air pod Wireless Bluetooth Earphones - Stereo Sound with English Voice Prompt and Low Power Consumption,3.5/53577 Ratings1832300280215946
Stereo M04  Air pod Wireless Bluetooth Earphones - Stereo Sound with English Voice Prompt and Low Power Consumption,very fast delivery 2 days ya price kay lihaz se bohat acha ہے Sound Quality:10/9 Battery Life:10/10 Comfort:10/10
Stereo M04  Air pod Wireless Bluetooth Earphones - Stereo Sound with English Voice Prompt and Low Power Consumption,ye kharab hai mne logo pe bharosa kr ke lia tha review ache the to buy kia lakin jhut hai charger bhi nai hui or chal bhi nai rhi
Stereo M04  Air pod Wireless Bluetooth Earphones - Stereo Sound with English Voice Prompt and Low Power Consumption,Satisfactory quality in the price. Sound quality is a bit shaky. Appearance is good. Easy to use.
Stereo M04  Air pod Wireless Bluetooth Earphones - Stereo Sound with English Voice Prompt and Low Power Consumption,very fast delivery 2 days ya price kay lihaz se bohat acha ہے Sound Quality:10/9 Battery Life:10/10 Comfort:10/100
Stereo M04  Air pod Wireless Bluetooth Earphones - Stereo Sound with English Voice Prompt and Low Power Consumption,ye kharab hai mne logo pe bharosa kr ke lia tha review ache the to buy kia lakin jhut hai charger bhi nai hui or chal bhi nai rhi0
Stereo M04  Air pod Wireless Bluetooth Earphones - Stereo Sound with English Voice Prompt and Low Power Consumption,Satisfactory quality in the price. Sound quality is a bit shaky. Appearance is good. Easy to use.0
New M10 M04 Stereo Wireless Bluetooth Headset air pod handfree earbuds airdots Hanging Ear Unisex Driving Can Answer The Phone Long Standby 1 Minute Fast Charge Single Headsr,4.2/51452 Ratings10221378044167
New M10 M04 Stereo Wireless Bluetooth Headset air pod handfree earbuds airdots Hanging Ear Unisex Driving Can Answer The Phone Long Standby 1 Minute Fast Charge Single Headsr,good quality delivery service is also very fast I am very thankful to seller that they send me very good product as same as shown in picture
New M10 M04 Stereo Wireless Bluetooth Headset air pod handfree earbuds airdots Hanging Ear Unisex Driving Can Answer The Phone Long Standby 1 Minute Fast Charge Single Headsr,اسلام وعلیکم بہت شکریہ آپ کا اتنی قیمت میں بہت اچھی ہے آواز میں تھوڑا سا فرق ہے باقی سب اوکے سیلر اور داراز آپکا بہت شکریہ
New M10 M04 Stereo Wireless Bluetooth Headset air pod handfree earbuds airdots Hanging Ear Unisex Driving Can Answer The Phone Long Standby 1 Minute Fast Charge Single Headsr,"Very convenient Airpods, works perfectly Also the seller deserves more than 5 as he/she is very polite and guided the use very thoroughly❤️❤️❤️ If we talk about usage so it takes almost a max of an hour to fully charge and after that I could use it for 4-5 hrs non stop I’m Completely satisfied with everything"
New M10 M04 Stereo Wireless Bluetooth Headset air pod handfree earbuds airdots Hanging Ear Unisex Driving Can Answer The Phone Long Standby 1 Minute Fast Charge Single Headsr,good quality delivery service is also very fast I am very thankful to seller that they send me very good product as same as shown in picture0
New M10 M04 Stereo Wireless Bluetooth Headset air pod handfree earbuds airdots Hanging Ear Unisex Driving Can Answer The Phone Long Standby 1 Minute Fast Charge Single Headsr,اسلام وعلیکم بہت شکریہ آپ کا اتنی قیمت میں بہت اچھی ہے آواز میں تھوڑا سا فرق ہے باقی سب اوکے سیلر اور داراز آپکا بہت شکریہ0
New M10 M04 Stereo Wireless Bluetooth Headset air pod handfree earbuds airdots Hanging Ear Unisex Driving Can Answer The Phone Long Standby 1 Minute Fast Charge Single Headsr,"Very convenient Airpods, works perfectly Also the seller deserves more than 5 as he/she is very polite and guided the use very thoroughly❤️❤️❤️ If we talk about usage so it takes almost a max of an hour to fully charge and after that I could use it for 4-5 hrs non stop I’m Completely satisfied with everything0"
